,0,1,2,3,4,5,6,7,8,9,10,11,12,13,14,15,16,17,18,19,20,21,22,23,24,25,26,27,28,29,30,31,32,33,34,35,36,37,38,39,40,41
0,1.0,12.0,0.5,11.559524,0.44047618,72.0,0.48809522,0.0,0.11911848,0.0,0.0,0.0,0.5,12.0,0.125,5.5595236,0.44047618,72.0,0.23809524,0.0,0.02834467,0.0,0.0,0.0,0.23809524,0.0,0.02834467,0.0,0.0,0.0,0.23809524,0.0,0.02834467,-0.05952381,0.05952381,0.0,0.25,12.0,0.03125,2.6190476,0.3809524,72.0
1,1.0,0.0,0.5,-0.21428572,0.21428572,0.0,0.48809522,0.0,0.11911848,0.0,0.0,0.0,0.5,0.0,0.125,-0.21428572,0.21428572,0.0,0.23809524,0.0,0.02834467,0.0,0.0,0.0,0.23809524,0.0,0.02834467,0.0,0.0,0.0,0.23809524,0.0,0.02834467,0.0,0.0,0.0,0.25,0.0,0.03125,-0.21428572,0.21428572,0.0
2,1.0,0.0,0.5,-0.13095239,0.13095239,0.0,0.48809522,0.0,0.11911848,0.0,0.0,0.0,0.5,0.0,0.125,-0.13095239,0.13095239,0.0,0.23809524,0.0,0.02834467,0.0,0.0,0.0,0.23809524,0.0,0.02834467,0.0,0.0,0.0,0.23809524,0.0,0.02834467,0.0,0.0,0.0,0.25,0.0,0.03125,-0.13095239,0.13095239,0.0
3,1.0,0.0,0.5,-0.20238096,0.20238096,0.0,0.48809522,0.0,0.11911848,0.0,0.0,0.0,0.5,0.0,0.125,-0.20238096,0.20238096,0.0,0.23809524,0.0,0.02834467,0.0,0.0,0.0,0.23809524,0.0,0.02834467,0.0,0.0,0.0,0.23809524,0.0,0.02834467,-0.04761905,0.04761905,0.0,0.25,-2.0,0.03125,-0.14285715,-0.35714287,2.0
4,1.0,4335.0,0.5,3837.2678,497.73215,9396112.0,0.48809522,0.0,0.11911848,-0.14285715,0.14285715,0.0,0.5,4335.0,0.125,1669.9108,497.5893,9396112.0,0.23809524,0.0,0.02834467,-0.035714287,0.035714287,0.0,0.23809524,-1.0,0.02834467,-0.10119048,-0.13690476,0.5,0.23809524,286.0,0.02834467,53.25,14.845238,40898.0,0.25,3963.0,0.03125,604.9226,385.8274,7852684.5
5,1.0,4.0,0.5,3.5952382,0.4047619,8.0,0.48809522,0.0,0.11911848,0.0,0.0,0.0,0.5,4.0,0.125,1.5952381,0.4047619,8.0,0.23809524,0.0,0.02834467,0.0,0.0,0.0,0.23809524,0.0,0.02834467,0.0,0.0,0.0,0.23809524,0.0,0.02834467,0.0,0.0,0.0,0.25,3.0,0.03125,0.60119045,0.14880952,4.5
6,1.0,66.0,0.5,53.464287,12.535714,2178.0,0.48809522,0.0,0.11911848,0.0,0.0,0.0,0.5,66.0,0.125,20.464285,12.535714,2178.0,0.23809524,0.0,0.02834467,0.0,0.0,0.0,0.23809524,0.0,0.02834467,0.0,0.0,0.0,0.23809524,0.0,0.02834467,-0.6547619,0.6547619,0.0,0.25,60.0,0.03125,4.654762,10.345238,1800.0
7,1.0,0.0,0.5,-0.071428575,0.071428575,0.0,0.48809522,0.0,0.11911848,0.0,0.0,0.0,0.5,0.0,0.125,-0.071428575,0.071428575,0.0,0.23809524,0.0,0.02834467,0.0,0.0,0.0,0.23809524,0.0,0.02834467,0.0,0.0,0.0,0.23809524,0.0,0.02834467,0.0,0.0,0.0,0.25,0.0,0.03125,-0.071428575,0.071428575,0.0
8,1.0,303.0,0.5,282.9345,20.065475,45904.5,0.48809522,0.0,0.11911848,-0.023809524,0.023809524,0.0,0.5,303.0,0.125,131.45833,20.041666,45904.5,0.23809524,0.0,0.02834467,0.0,0.0,0.0,0.23809524,0.0,0.02834467,-0.023809524,0.023809524,0.0,0.23809524,0.0,0.02834467,-0.05952381,0.05952381,0.0,0.25,303.0,0.03125,55.767857,19.982143,45904.5
9,1.0,192.0,0.5,169.90475,22.095238,18432.0,0.48809522,0.0,0.11911848,0.0,0.0,0.0,0.5,192.0,0.125,73.90476,22.095238,18432.0,0.23809524,0.0,0.02834467,0.0,0.0,0.0,0.23809524,0.0,0.02834467,0.0,0.0,0.0,0.23809524,0.0,0.02834467,-0.17857143,0.17857143,0.0,0.25,190.0,0.03125,26.095238,21.404762,18050.0
10,1.0,6.0,0.5,5.0595236,0.9404762,18.0,0.48809522,0.0,0.11911848,0.0,0.0,0.0,0.5,6.0,0.125,2.0595238,0.9404762,18.0,0.23809524,0.0,0.02834467,0.0,0.0,0.0,0.23809524,0.0,0.02834467,0.0,0.0,0.0,0.23809524,0.0,0.02834467,0.0,0.0,0.0,0.25,6.0,0.03125,0.5595238,0.9404762,18.0
11,1.0,88.0,0.5,76.75,11.25,3872.0,0.48809522,0.0,0.11911848,0.0,0.0,0.0,0.5,88.0,0.125,32.75,11.25,3872.0,0.23809524,0.0,0.02834467,0.0,0.0,0.0,0.23809524,0.0,0.02834467,0.0,0.0,0.0,0.23809524,0.0,0.02834467,0.0,0.0,0.0,0.25,87.0,0.03125,10.755953,10.994047,3784.5
12,1.0,4.0,0.5,2.0119047,1.9880953,8.0,0.48809522,0.0,0.11911848,0.0,0.0,0.0,0.5,4.0,0.125,0.011904762,1.9880953,8.0,0.23809524,0.0,0.02834467,0.0,0.0,0.0,0.23809524,0.0,0.02834467,0.0,0.0,0.0,0.23809524,0.0,0.02834467,0.0,0.0,0.0,0.25,4.0,0.03125,-0.9880952,1.9880953,8.0
13,1.0,0.0,0.5,-5.321429,5.321429,0.0,0.48809522,0.0,0.11911848,0.0,0.0,0.0,0.5,0.0,0.125,-5.321429,5.321429,0.0,0.23809524,0.0,0.02834467,0.0,0.0,0.0,0.23809524,0.0,0.02834467,0.0,0.0,0.0,0.23809524,1.0,0.02834467,0.13690476,0.10119048,0.5,0.25,-3.0,0.03125,-5.196429,4.446429,4.5
14,1.0,0.0,0.5,-0.05952381,0.05952381,0.0,0.48809522,0.0,0.11911848,0.0,0.0,0.0,0.5,0.0,0.125,-0.05952381,0.05952381,0.0,0.23809524,0.0,0.02834467,0.0,0.0,0.0,0.23809524,0.0,0.02834467,0.0,0.0,0.0,0.23809524,0.0,0.02834467,0.0,0.0,0.0,0.25,0.0,0.03125,-0.05952381,0.05952381,0.0
15,1.0,0.0,0.5,-0.011904762,0.011904762,0.0,0.48809522,0.0,0.11911848,0.0,0.0,0.0,0.5,0.0,0.125,-0.011904762,0.011904762,0.0,0.23809524,0.0,0.02834467,0.0,0.0,0.0,0.23809524,0.0,0.02834467,0.0,0.0,0.0,0.23809524,0.0,0.02834467,0.0,0.0,0.0,0.25,0.0,0.03125,-0.011904762,0.011904762,0.0
16,1.0,540.0,0.5,514.0595,25.940475,145800.0,0.48809522,0.0,0.11911848,0.0,0.0,0.0,0.5,540.0,0.125,244.05952,25.940475,145800.0,0.23809524,0.0,0.02834467,0.0,0.0,0.0,0.23809524,0.0,0.02834467,0.0,0.0,0.0,0.23809524,0.0,0.02834467,-0.11904762,0.11904762,0.0,0.25,537.0,0.03125,109.19643,25.053572,144184.5
17,1.0,4.0,0.5,3.857143,0.14285715,8.0,0.48809522,0.0,0.11911848,0.0,0.0,0.0,0.5,4.0,0.125,1.8571428,0.14285715,8.0,0.23809524,0.0,0.02834467,0.0,0.0,0.0,0.23809524,0.0,0.02834467,0.0,0.0,0.0,0.23809524,0.0,0.02834467,0.0,0.0,0.0,0.25,4.0,0.03125,0.85714287,0.14285715,8.0
18,1.0,2.0,0.5,1.7380953,0.26190478,2.0,0.48809522,0.0,0.11911848,0.0,0.0,0.0,0.5,2.0,0.125,0.7380952,0.26190478,2.0,0.23809524,0.0,0.02834467,0.0,0.0,0.0,0.23809524,0.0,0.02834467,0.0,0.0,0.0,0.23809524,0.0,0.02834467,0.0,0.0,0.0,0.25,2.0,0.03125,0.23809524,0.26190478,2.0
19,1.0,4615.0,0.5,3905.4106,709.5893,10649112.0,0.48809522,0.0,0.11911848,-0.1904762,0.1904762,0.0,0.5,4615.0,0.125,1598.1012,709.3988,10649112.0,0.23809524,0.0,0.02834467,0.0,0.0,0.0,0.23809524,-4.0,0.02834467,-0.16666667,-0.78571427,8.0,0.23809524,237.0,0.02834467,44.470238,11.958333,28084.5,0.25,4458.0,0.03125,458.65475,655.8452,9936882.0
20,1.0,6.0,0.5,5.5,0.5,18.0,0.48809522,0.0,0.11911848,0.0,0.0,0.0,0.5,6.0,0.125,2.5,0.5,18.0,0.23809524,0.0,0.02834467,0.0,0.0,0.0,0.23809524,0.0,0.02834467,0.0,0.0,0.0,0.23809524,1.0,0.02834467,0.23214285,0.005952381,0.5,0.25,6.0,0.03125,1.0119047,0.48809522,18.0
21,1.0,3.0,0.5,2.922619,0.077380955,4.5,0.48809522,0.0,0.11911848,0.0,0.0,0.0,0.5,3.0,0.125,1.4226191,0.077380955,4.5,0.23809524,0.0,0.02834467,0.0,0.0,0.0,0.23809524,0.0,0.02834467,0.0,0.0,0.0,0.23809524,0.0,0.02834467,0.0,0.0,0.0,0.25,3.0,0.03125,0.67261904,0.077380955,4.5
22,1.0,6.0,0.5,5.821429,0.17857143,18.0,0.48809522,0.0,0.11911848,0.0,0.0,0.0,0.5,6.0,0.125,2.8214285,0.17857143,18.0,0.23809524,0.0,0.02834467,0.0,0.0,0.0,0.23809524,0.0,0.02834467,0.0,0.0,0.0,0.23809524,0.0,0.02834467,-0.023809524,0.023809524,0.0,0.25,6.0,0.03125,1.3452381,0.15476191,18.0
23,1.0,193.0,0.5,169.68452,23.315475,18624.5,0.48809522,0.0,0.11911848,0.0,0.0,0.0,0.5,193.0,0.125,73.184525,23.315475,18624.5,0.23809524,0.0,0.02834467,0.0,0.0,0.0,0.23809524,0.0,0.02834467,0.0,0.0,0.0,0.23809524,5.0,0.02834467,1.0297619,0.16071428,12.5,0.25,187.0,0.03125,25.160715,21.589285,17484.5
24,1.0,20.0,0.5,18.190475,1.8095238,200.0,0.48809522,0.0,0.11911848,0.0,0.0,0.0,0.5,20.0,0.125,8.190476,1.8095238,200.0,0.23809524,0.0,0.02834467,0.0,0.0,0.0,0.23809524,0.0,0.02834467,0.0,0.0,0.0,0.23809524,0.0,0.02834467,-0.04761905,0.04761905,0.0,0.25,20.0,0.03125,3.2380953,1.7619047,200.0
25,1.0,0.0,0.5,-18.404762,18.404762,0.0,0.48809522,0.0,0.11911848,-0.035714287,0.035714287,0.0,0.5,0.0,0.125,-18.369047,18.369047,0.0,0.23809524,0.0,0.02834467,0.0,0.0,0.0,0.23809524,0.0,0.02834467,-0.035714287,0.035714287,0.0,0.23809524,14.0,0.02834467,3.1666667,0.16666667,98.0,0.25,-9.0,0.03125,-18.065475,15.815476,40.5
26,1.0,0.0,0.5,-0.5833333,0.5833333,0.0,0.48809522,0.0,0.11911848,0.0,0.0,0.0,0.5,0.0,0.125,-0.5833333,0.5833333,0.0,0.23809524,0.0,0.02834467,0.0,0.0,0.0,0.23809524,0.0,0.02834467,0.0,0.0,0.0,0.23809524,0.0,0.02834467,-0.035714287,0.035714287,0.0,0.25,0.0,0.03125,-0.54761904,0.54761904,0.0
27,1.0,23.0,0.5,21.982143,1.0178572,264.5,0.48809522,0.0,0.11911848,0.0,0.0,0.0,0.5,23.0,0.125,10.482142,1.0178572,264.5,0.23809524,0.0,0.02834467,0.0,0.0,0.0,0.23809524,0.0,0.02834467,0.0,0.0,0.0,0.23809524,0.0,0.02834467,0.0,0.0,0.0,0.25,23.0,0.03125,4.732143,1.0178572,264.5
28,1.0,16.0,0.5,13.357142,2.642857,128.0,0.48809522,0.0,0.11911848,0.0,0.0,0.0,0.5,16.0,0.125,5.357143,2.642857,128.0,0.23809524,0.0,0.02834467,0.0,0.0,0.0,0.23809524,0.0,0.02834467,0.0,0.0,0.0,0.23809524,2.0,0.02834467,0.4642857,0.011904762,2.0,0.25,16.0,0.03125,1.3809524,2.6190476,128.0
29,1.0,75.0,0.5,65.684525,9.315476,2812.5,0.48809522,0.0,0.11911848,0.0,0.0,0.0,0.5,75.0,0.125,28.184525,9.315476,2812.5,0.23809524,0.0,0.02834467,0.0,0.0,0.0,0.23809524,0.0,0.02834467,0.0,0.0,0.0,0.23809524,0.0,0.02834467,-0.14285715,0.14285715,0.0,0.25,75.0,0.03125,9.577381,9.172619,2812.5
30,1.0,69.0,0.5,62.875,6.125,2380.5,0.48809522,0.0,0.11911848,0.0,0.0,0.0,0.5,69.0,0.125,28.375,6.125,2380.5,0.23809524,0.0,0.02834467,0.0,0.0,0.0,0.23809524,0.0,0.02834467,0.0,0.0,0.0,0.23809524,0.0,0.02834467,-0.011904762,0.011904762,0.0,0.25,69.0,0.03125,11.136905,6.1130953,2380.5
31,1.0,6398.0,0.5,5421.857,976.1429,20467202.0,0.48809522,0.0,0.11911848,-0.023809524,0.023809524,0.0,0.5,6398.0,0.125,2222.8809,976.119,20467202.0,0.23809524,0.0,0.02834467,0.0,0.0,0.0,0.23809524,0.0,0.02834467,-0.023809524,0.023809524,0.0,0.23809524,435.0,0.02834467,93.99405,9.577381,94612.5,0.25,5783.0,0.03125,639.2083,806.5417,16721544.0
32,1.0,0.0,0.5,-0.26190478,0.26190478,0.0,0.48809522,0.0,0.11911848,0.0,0.0,0.0,0.5,0.0,0.125,-0.26190478,0.26190478,0.0,0.23809524,0.0,0.02834467,0.0,0.0,0.0,0.23809524,0.0,0.02834467,0.0,0.0,0.0,0.23809524,0.0,0.02834467,0.0,0.0,0.0,0.25,0.0,0.03125,-0.26190478,0.26190478,0.0
33,1.0,17.0,0.5,11.589286,5.410714,144.5,0.48809522,0.0,0.11911848,0.0,0.0,0.0,0.5,17.0,0.125,3.0892856,5.410714,144.5,0.23809524,0.0,0.02834467,0.0,0.0,0.0,0.23809524,0.0,0.02834467,0.0,0.0,0.0,0.23809524,0.0,0.02834467,-0.3809524,0.3809524,0.0,0.25,17.0,0.03125,-0.7797619,5.029762,144.5
34,1.0,0.0,0.5,-0.035714287,0.035714287,0.0,0.48809522,0.0,0.11911848,0.0,0.0,0.0,0.5,0.0,0.125,-0.035714287,0.035714287,0.0,0.23809524,0.0,0.02834467,0.0,0.0,0.0,0.23809524,0.0,0.02834467,0.0,0.0,0.0,0.23809524,0.0,0.02834467,0.0,0.0,0.0,0.25,0.0,0.03125,-0.035714287,0.035714287,0.0
35,1.0,17987.0,0.5,16419.78,1567.2202,161766080.0,0.48809522,0.0,0.11911848,-0.17857143,0.17857143,0.0,0.5,17987.0,0.125,7426.4585,1567.0416,161766080.0,0.23809524,0.0,0.02834467,-0.05952381,0.05952381,0.0,0.23809524,0.0,0.02834467,-0.11904762,0.11904762,0.0,0.23809524,259.0,0.02834467,57.767857,3.8988094,33540.5,0.25,17763.0,0.03125,2936.4822,1504.2678,157762080.0
36,1.0,1.0,0.5,-1.7321428,2.732143,0.5,0.48809522,0.0,0.11911848,0.0,0.0,0.0,0.5,1.0,0.125,-2.232143,2.732143,0.5,0.23809524,0.0,0.02834467,0.0,0.0,0.0,0.23809524,0.0,0.02834467,0.0,0.0,0.0,0.23809524,12.0,0.02834467,2.3452382,0.5119048,72.0,0.25,-13.0,0.03125,-1.8154762,-1.4345238,84.5
37,1.0,10.0,0.5,8.797619,1.2023809,50.0,0.48809522,0.0,0.11911848,0.0,0.0,0.0,0.5,10.0,0.125,3.797619,1.2023809,50.0,0.23809524,0.0,0.02834467,0.0,0.0,0.0,0.23809524,0.0,0.02834467,0.0,0.0,0.0,0.23809524,0.0,0.02834467,0.0,0.0,0.0,0.25,10.0,0.03125,1.2976191,1.2023809,50.0
38,1.0,83.0,0.5,80.24405,2.7559524,3444.5,0.48809522,0.0,0.11911848,0.0,0.0,0.0,0.5,83.0,0.125,38.74405,2.7559524,3444.5,0.23809524,0.0,0.02834467,0.0,0.0,0.0,0.23809524,0.0,0.02834467,0.0,0.0,0.0,0.23809524,0.0,0.02834467,-0.10714286,0.10714286,0.0,0.25,83.0,0.03125,18.10119,2.6488094,3444.5
39,1.0,0.0,0.5,-0.011904762,0.011904762,0.0,0.48809522,0.0,0.11911848,0.0,0.0,0.0,0.5,0.0,0.125,-0.011904762,0.011904762,0.0,0.23809524,0.0,0.02834467,0.0,0.0,0.0,0.23809524,0.0,0.02834467,0.0,0.0,0.0,0.23809524,0.0,0.02834467,0.0,0.0,0.0,0.25,0.0,0.03125,-0.011904762,0.011904762,0.0
40,1.0,0.0,0.5,-0.035714287,0.035714287,0.0,0.48809522,0.0,0.11911848,0.0,0.0,0.0,0.5,0.0,0.125,-0.035714287,0.035714287,0.0,0.23809524,0.0,0.02834467,0.0,0.0,0.0,0.23809524,0.0,0.02834467,0.0,0.0,0.0,0.23809524,0.0,0.02834467,0.0,0.0,0.0,0.25,0.0,0.03125,-0.035714287,0.035714287,0.0
41,1.0,328.0,0.5,282.0,46.0,53792.0,0.48809522,0.0,0.11911848,-0.011904762,0.011904762,0.0,0.5,328.0,0.125,118.0119,45.988094,53792.0,0.23809524,0.0,0.02834467,0.0,0.0,0.0,0.23809524,0.0,0.02834467,-0.011904762,0.011904762,0.0,0.23809524,45.0,0.02834467,8.041667,2.672619,1012.5,0.25,250.0,0.03125,39.416668,23.083334,31250.0
42,1.0,53.0,0.5,45.410713,7.589286,1404.5,0.48809522,0.0,0.11911848,-0.10714286,0.10714286,0.0,0.5,53.0,0.125,19.017857,7.482143,1404.5,0.23809524,0.0,0.02834467,0.0,0.0,0.0,0.23809524,0.0,0.02834467,-0.10714286,0.10714286,0.0,0.23809524,14.0,0.02834467,2.8214285,0.5119048,98.0,0.25,38.0,0.03125,6.452381,3.047619,722.0
43,1.0,240.0,0.5,219.2262,20.77381,28800.0,0.48809522,0.0,0.11911848,0.0,0.0,0.0,0.5,240.0,0.125,99.22619,20.77381,28800.0,0.23809524,0.0,0.02834467,0.0,0.0,0.0,0.23809524,0.0,0.02834467,0.0,0.0,0.0,0.23809524,0.0,0.02834467,-0.071428575,0.071428575,0.0,0.25,230.0,0.03125,39.357143,18.142857,26450.0
44,1.0,9.0,0.5,6.6369047,2.3630953,40.5,0.48809522,0.0,0.11911848,-0.1904762,0.1904762,0.0,0.5,9.0,0.125,2.327381,2.172619,40.5,0.23809524,0.0,0.02834467,-0.023809524,0.023809524,0.0,0.23809524,0.0,0.02834467,-0.16666667,0.16666667,0.0,0.23809524,1.0,0.02834467,0.065476194,0.17261904,0.5,0.25,9.0,0.03125,0.2559524,1.9940476,40.5
45,1.0,2.0,0.5,1.9047619,0.0952381,2.0,0.48809522,0.0,0.11911848,0.0,0.0,0.0,0.5,2.0,0.125,0.9047619,0.0952381,2.0,0.23809524,0.0,0.02834467,0.0,0.0,0.0,0.23809524,0.0,0.02834467,0.0,0.0,0.0,0.23809524,0.0,0.02834467,0.0,0.0,0.0,0.25,2.0,0.03125,0.4047619,0.0952381,2.0
46,1.0,127.0,0.5,104.39881,22.60119,8064.5,0.48809522,0.0,0.11911848,0.0,0.0,0.0,0.5,127.0,0.125,40.89881,22.60119,8064.5,0.23809524,0.0,0.02834467,0.0,0.0,0.0,0.23809524,0.0,0.02834467,0.0,0.0,0.0,0.23809524,1.0,0.02834467,0.065476194,0.17261904,0.5,0.25,127.0,0.03125,9.327381,22.422619,8064.5
47,1.0,0.0,0.5,-0.8333333,0.8333333,0.0,0.48809522,0.0,0.11911848,0.0,0.0,0.0,0.5,0.0,0.125,-0.8333333,0.8333333,0.0,0.23809524,0.0,0.02834467,0.0,0.0,0.0,0.23809524,0.0,0.02834467,0.0,0.0,0.0,0.23809524,0.0,0.02834467,0.0,0.0,0.0,0.25,0.0,0.03125,-0.8333333,0.8333333,0.0
48,1.0,26.0,0.5,24.630953,1.3690476,338.0,0.48809522,0.0,0.11911848,0.0,0.0,0.0,0.5,26.0,0.125,11.630953,1.3690476,338.0,0.23809524,0.0,0.02834467,0.0,0.0,0.0,0.23809524,0.0,0.02834467,0.0,0.0,0.0,0.23809524,0.0,0.02834467,0.0,0.0,0.0,0.25,26.0,0.03125,5.1309524,1.3690476,338.0
49,1.0,0.0,0.5,-1.8095238,1.8095238,0.0,0.48809522,0.0,0.11911848,0.0,0.0,0.0,0.5,0.0,0.125,-1.8095238,1.8095238,0.0,0.23809524,0.0,0.02834467,0.0,0.0,0.0,0.23809524,0.0,0.02834467,0.0,0.0,0.0,0.23809524,0.0,0.02834467,0.0,0.0,0.0,0.25,0.0,0.03125,-1.8095238,1.8095238,0.0
50,1.0,0.0,0.5,-0.035714287,0.035714287,0.0,0.48809522,0.0,0.11911848,0.0,0.0,0.0,0.5,0.0,0.125,-0.035714287,0.035714287,0.0,0.23809524,0.0,0.02834467,0.0,0.0,0.0,0.23809524,0.0,0.02834467,0.0,0.0,0.0,0.23809524,0.0,0.02834467,0.0,0.0,0.0,0.25,0.0,0.03125,-0.035714287,0.035714287,0.0
51,1.0,1.0,0.5,0.9345238,0.065476194,0.5,0.48809522,0.0,0.11911848,0.0,0.0,0.0,0.5,1.0,0.125,0.43452382,0.065476194,0.5,0.23809524,0.0,0.02834467,0.0,0.0,0.0,0.23809524,0.0,0.02834467,0.0,0.0,0.0,0.23809524,0.0,0.02834467,-0.011904762,0.011904762,0.0,0.25,1.0,0.03125,0.19642857,0.05357143,0.5
52,1.0,16.0,0.5,14.559524,1.4404762,128.0,0.48809522,0.0,0.11911848,0.0,0.0,0.0,0.5,16.0,0.125,6.5595236,1.4404762,128.0,0.23809524,0.0,0.02834467,0.0,0.0,0.0,0.23809524,0.0,0.02834467,0.0,0.0,0.0,0.23809524,0.0,0.02834467,0.0,0.0,0.0,0.25,16.0,0.03125,2.5595238,1.4404762,128.0
53,1.0,0.0,0.5,-0.0952381,0.0952381,0.0,0.48809522,0.0,0.11911848,0.0,0.0,0.0,0.5,0.0,0.125,-0.0952381,0.0952381,0.0,0.23809524,0.0,0.02834467,0.0,0.0,0.0,0.23809524,0.0,0.02834467,0.0,0.0,0.0,0.23809524,0.0,0.02834467,0.0,0.0,0.0,0.25,0.0,0.03125,-0.0952381,0.0952381,0.0
54,1.0,0.0,0.5,-0.22619048,0.22619048,0.0,0.48809522,0.0,0.11911848,0.0,0.0,0.0,0.5,0.0,0.125,-0.22619048,0.22619048,0.0,0.23809524,0.0,0.02834467,0.0,0.0,0.0,0.23809524,0.0,0.02834467,0.0,0.0,0.0,0.23809524,0.0,0.02834467,0.0,0.0,0.0,0.25,0.0,0.03125,-0.22619048,0.22619048,0.0
55,1.0,3111.0,0.5,2598.4941,512.506,4839160.5,0.48809522,0.0,0.11911848,0.0,0.0,0.0,0.5,3111.0,0.125,1042.994,512.506,4839160.5,0.23809524,0.0,0.02834467,0.0,0.0,0.0,0.23809524,0.0,0.02834467,0.0,0.0,0.0,0.23809524,595.0,0.02834467,59.958332,81.708336,177012.5,0.25,2230.0,0.03125,355.7381,201.7619,2486450.0
56,1.0,23.0,0.5,21.863094,1.1369047,264.5,0.48809522,0.0,0.11911848,0.0,0.0,0.0,0.5,23.0,0.125,10.363095,1.1369047,264.5,0.23809524,0.0,0.02834467,0.0,0.0,0.0,0.23809524,0.0,0.02834467,0.0,0.0,0.0,0.23809524,0.0,0.02834467,0.0,0.0,0.0,0.25,23.0,0.03125,4.6130953,1.1369047,264.5
57,1.0,29.0,0.5,24.767857,4.232143,420.5,0.48809522,0.0,0.11911848,0.0,0.0,0.0,0.5,29.0,0.125,10.267858,4.232143,420.5,0.23809524,0.0,0.02834467,0.0,0.0,0.0,0.23809524,0.0,0.02834467,0.0,0.0,0.0,0.23809524,0.0,0.02834467,-0.011904762,0.011904762,0.0,0.25,29.0,0.03125,3.0297618,4.220238,420.5
58,1.0,1.0,0.5,0.89880955,0.10119048,0.5,0.48809522,0.0,0.11911848,0.0,0.0,0.0,0.5,1.0,0.125,0.39880952,0.10119048,0.5,0.23809524,0.0,0.02834467,0.0,0.0,0.0,0.23809524,0.0,0.02834467,0.0,0.0,0.0,0.23809524,0.0,0.02834467,0.0,0.0,0.0,0.25,1.0,0.03125,0.14880952,0.10119048,0.5
59,1.0,12.0,0.5,10.809524,1.1904762,72.0,0.48809522,0.0,0.11911848,0.0,0.0,0.0,0.5,12.0,0.125,4.8095236,1.1904762,72.0,0.23809524,0.0,0.02834467,0.0,0.0,0.0,0.23809524,0.0,0.02834467,0.0,0.0,0.0,0.23809524,0.0,0.02834467,0.0,0.0,0.0,0.25,12.0,0.03125,1.8095238,1.1904762,72.0
60,1.0,3.0,0.5,2.9464285,0.05357143,4.5,0.48809522,0.0,0.11911848,0.0,0.0,0.0,0.5,3.0,0.125,1.4464285,0.05357143,4.5,0.23809524,0.0,0.02834467,0.0,0.0,0.0,0.23809524,0.0,0.02834467,0.0,0.0,0.0,0.23809524,0.0,0.02834467,0.0,0.0,0.0,0.25,3.0,0.03125,0.6964286,0.05357143,4.5
61,1.0,0.0,0.5,-0.083333336,0.083333336,0.0,0.48809522,0.0,0.11911848,0.0,0.0,0.0,0.5,0.0,0.125,-0.083333336,0.083333336,0.0,0.23809524,0.0,0.02834467,0.0,0.0,0.0,0.23809524,0.0,0.02834467,0.0,0.0,0.0,0.23809524,0.0,0.02834467,0.0,0.0,0.0,0.25,0.0,0.03125,-0.083333336,0.083333336,0.0
62,1.0,26.0,0.5,22.761906,3.2380953,338.0,0.48809522,0.0,0.11911848,0.0,0.0,0.0,0.5,26.0,0.125,9.761905,3.2380953,338.0,0.23809524,0.0,0.02834467,0.0,0.0,0.0,0.23809524,0.0,0.02834467,0.0,0.0,0.0,0.23809524,1.0,0.02834467,0.19642857,0.041666668,0.5,0.25,23.0,0.03125,3.327381,2.422619,264.5
63,1.0,127.0,0.5,108.10119,18.89881,8064.5,0.48809522,1.0,0.11911848,0.077380955,0.4107143,0.5,0.5,127.0,0.125,45.017857,18.482143,8064.5,0.23809524,3.0,0.02834467,0.6369048,0.077380955,4.5,0.23809524,-5.0,0.02834467,-0.041666668,-1.1488096,12.5,0.23809524,0.0,0.02834467,-0.17857143,0.17857143,0.0,0.25,124.0,0.03125,13.464286,17.535715,7688.0
64,1.0,0.0,0.5,-0.023809524,0.023809524,0.0,0.48809522,0.0,0.11911848,0.0,0.0,0.0,0.5,0.0,0.125,-0.023809524,0.023809524,0.0,0.23809524,0.0,0.02834467,0.0,0.0,0.0,0.23809524,0.0,0.02834467,0.0,0.0,0.0,0.23809524,0.0,0.02834467,0.0,0.0,0.0,0.25,0.0,0.03125,-0.023809524,0.023809524,0.0
65,1.0,6.0,0.5,5.9404764,0.05952381,18.0,0.48809522,0.0,0.11911848,0.0,0.0,0.0,0.5,6.0,0.125,2.9404762,0.05952381,18.0,0.23809524,0.0,0.02834467,0.0,0.0,0.0,0.23809524,0.0,0.02834467,0.0,0.0,0.0,0.23809524,0.0,0.02834467,0.0,0.0,0.0,0.25,6.0,0.03125,1.4404762,0.05952381,18.0
66,1.0,0.0,0.5,-0.0952381,0.0952381,0.0,0.48809522,0.0,0.11911848,0.0,0.0,0.0,0.5,0.0,0.125,-0.0952381,0.0952381,0.0,0.23809524,0.0,0.02834467,0.0,0.0,0.0,0.23809524,0.0,0.02834467,0.0,0.0,0.0,0.23809524,0.0,0.02834467,0.0,0.0,0.0,0.25,0.0,0.03125,-0.0952381,0.0952381,0.0
67,1.0,0.0,0.5,-0.071428575,0.071428575,0.0,0.48809522,0.0,0.11911848,0.0,0.0,0.0,0.5,0.0,0.125,-0.071428575,0.071428575,0.0,0.23809524,0.0,0.02834467,0.0,0.0,0.0,0.23809524,0.0,0.02834467,0.0,0.0,0.0,0.23809524,0.0,0.02834467,0.0,0.0,0.0,0.25,0.0,0.03125,-0.071428575,0.071428575,0.0
68,1.0,446.0,0.5,372.36905,73.63095,99458.0,0.48809522,0.0,0.11911848,0.0,0.0,0.0,0.5,446.0,0.125,149.36905,73.63095,99458.0,0.23809524,0.0,0.02834467,0.0,0.0,0.0,0.23809524,0.0,0.02834467,0.0,0.0,0.0,0.23809524,0.0,0.02834467,-0.35714287,0.35714287,0.0,0.25,435.0,0.03125,38.291668,70.458336,94612.5
69,1.0,4.0,0.5,3.8809524,0.11904762,8.0,0.48809522,0.0,0.11911848,0.0,0.0,0.0,0.5,4.0,0.125,1.8809524,0.11904762,8.0,0.23809524,0.0,0.02834467,0.0,0.0,0.0,0.23809524,0.0,0.02834467,0.0,0.0,0.0,0.23809524,0.0,0.02834467,0.0,0.0,0.0,0.25,4.0,0.03125,0.88095236,0.11904762,8.0
70,1.0,0.0,0.5,-0.17857143,0.17857143,0.0,0.48809522,0.0,0.11911848,0.0,0.0,0.0,0.5,0.0,0.125,-0.17857143,0.17857143,0.0,0.23809524,0.0,0.02834467,0.0,0.0,0.0,0.23809524,0.0,0.02834467,0.0,0.0,0.0,0.23809524,0.0,0.02834467,0.0,0.0,0.0,0.25,0.0,0.03125,-0.17857143,0.17857143,0.0
71,1.0,0.0,0.5,-0.023809524,0.023809524,0.0,0.48809522,0.0,0.11911848,0.0,0.0,0.0,0.5,0.0,0.125,-0.023809524,0.023809524,0.0,0.23809524,0.0,0.02834467,0.0,0.0,0.0,0.23809524,0.0,0.02834467,0.0,0.0,0.0,0.23809524,0.0,0.02834467,0.0,0.0,0.0,0.25,0.0,0.03125,-0.023809524,0.023809524,0.0
72,1.0,0.0,0.5,-1.8095238,1.8095238,0.0,0.48809522,0.0,0.11911848,0.0,0.0,0.0,0.5,0.0,0.125,-1.8095238,1.8095238,0.0,0.23809524,0.0,0.02834467,0.0,0.0,0.0,0.23809524,0.0,0.02834467,0.0,0.0,0.0,0.23809524,0.0,0.02834467,-0.071428575,0.071428575,0.0,0.25,-3.0,0.03125,-1.7202381,0.9702381,4.5
73,1.0,312.0,0.5,259.60715,52.392857,48672.0,0.48809522,0.0,0.11911848,-0.17857143,0.17857143,0.0,0.5,312.0,0.125,103.78571,52.214287,48672.0,0.23809524,1.0,0.02834467,0.1845238,0.05357143,0.5,0.23809524,0.0,0.02834467,-0.11904762,0.11904762,0.0,0.23809524,15.0,0.02834467,2.7440476,0.82738096,112.5,0.25,312.0,0.03125,26.702381,51.29762,48672.0
74,1.0,1.0,0.5,0.9464286,0.05357143,0.5,0.48809522,0.0,0.11911848,0.0,0.0,0.0,0.5,1.0,0.125,0.44642857,0.05357143,0.5,0.23809524,0.0,0.02834467,0.0,0.0,0.0,0.23809524,0.0,0.02834467,0.0,0.0,0.0,0.23809524,0.0,0.02834467,0.0,0.0,0.0,0.25,1.0,0.03125,0.19642857,0.05357143,0.5
75,1.0,0.0,0.5,-0.39285713,0.39285713,0.0,0.48809522,0.0,0.11911848,0.0,0.0,0.0,0.5,0.0,0.125,-0.39285713,0.39285713,0.0,0.23809524,0.0,0.02834467,0.0,0.0,0.0,0.23809524,0.0,0.02834467,0.0,0.0,0.0,0.23809524,0.0,0.02834467,0.0,0.0,0.0,0.25,0.0,0.03125,-0.39285713,0.39285713,0.0
76,1.0,181.0,0.5,171.93452,9.065476,16380.5,0.48809522,0.0,0.11911848,0.0,0.0,0.0,0.5,181.0,0.125,81.434525,9.065476,16380.5,0.23809524,0.0,0.02834467,0.0,0.0,0.0,0.23809524,0.0,0.02834467,0.0,0.0,0.0,0.23809524,1.0,0.02834467,0.16071428,0.077380955,0.5,0.25,179.0,0.03125,36.279762,8.470238,16020.5
77,1.0,156.0,0.5,125.666664,30.333334,12168.0,0.48809522,0.0,0.11911848,-0.26190478,0.26190478,0.0,0.5,156.0,0.125,47.92857,30.071428,12168.0,0.23809524,0.0,0.02834467,-0.04761905,0.04761905,0.0,0.23809524,0.0,0.02834467,-0.21428572,0.21428572,0.0,0.23809524,24.0,0.02834467,4.7261906,0.9880952,288.0,0.25,156.0,0.03125,10.059524,28.940475,12168.0
78,1.0,0.0,0.5,-0.17857143,0.17857143,0.0,0.48809522,0.0,0.11911848,0.0,0.0,0.0,0.5,0.0,0.125,-0.17857143,0.17857143,0.0,0.23809524,0.0,0.02834467,0.0,0.0,0.0,0.23809524,0.0,0.02834467,0.0,0.0,0.0,0.23809524,0.0,0.02834467,0.0,0.0,0.0,0.25,0.0,0.03125,-0.17857143,0.17857143,0.0
79,1.0,0.0,0.5,-0.41666666,0.41666666,0.0,0.48809522,0.0,0.11911848,0.0,0.0,0.0,0.5,0.0,0.125,-0.41666666,0.41666666,0.0,0.23809524,0.0,0.02834467,0.0,0.0,0.0,0.23809524,0.0,0.02834467,0.0,0.0,0.0,0.23809524,0.0,0.02834467,0.0,0.0,0.0,0.25,0.0,0.03125,-0.41666666,0.41666666,0.0
80,1.0,2.0,0.5,0.5595238,1.4404762,2.0,0.48809522,0.0,0.11911848,-0.011904762,0.011904762,0.0,0.5,2.0,0.125,-0.42857143,1.4285715,2.0,0.23809524,1.0,0.02834467,0.23214285,0.005952381,0.5,0.23809524,0.0,0.02834467,0.0,0.0,0.0,0.23809524,0.0,0.02834467,0.0,0.0,0.0,0.25,2.0,0.03125,-0.9285714,1.4285715,2.0
81,1.0,8.0,0.5,7.6904764,0.30952382,32.0,0.48809522,0.0,0.11911848,0.0,0.0,0.0,0.5,8.0,0.125,3.6904762,0.30952382,32.0,0.23809524,0.0,0.02834467,0.0,0.0,0.0,0.23809524,0.0,0.02834467,0.0,0.0,0.0,0.23809524,0.0,0.02834467,0.0,0.0,0.0,0.25,8.0,0.03125,1.6904762,0.30952382,32.0
82,1.0,295.0,0.5,262.1131,32.886906,43512.5,0.48809522,0.0,0.11911848,0.0,0.0,0.0,0.5,295.0,0.125,114.6131,32.886906,43512.5,0.23809524,0.0,0.02834467,0.0,0.0,0.0,0.23809524,0.0,0.02834467,0.0,0.0,0.0,0.23809524,0.0,0.02834467,-0.25,0.25,0.0,0.25,282.0,0.03125,41.190475,29.309525,39762.0
83,1.0,13.0,0.5,8.803572,4.196429,84.5,0.48809522,0.0,0.11911848,0.0,0.0,0.0,0.5,13.0,0.125,2.3035715,4.196429,84.5,0.23809524,0.0,0.02834467,0.0,0.0,0.0,0.23809524,0.0,0.02834467,0.0,0.0,0.0,0.23809524,0.0,0.02834467,-0.04761905,0.04761905,0.0,0.25,13.0,0.03125,-0.89880955,4.1488094,84.5
84,1.0,3.0,0.5,2.922619,0.077380955,4.5,0.48809522,0.0,0.11911848,0.0,0.0,0.0,0.5,3.0,0.125,1.4226191,0.077380955,4.5,0.23809524,0.0,0.02834467,0.0,0.0,0.0,0.23809524,0.0,0.02834467,0.0,0.0,0.0,0.23809524,0.0,0.02834467,0.0,0.0,0.0,0.25,3.0,0.03125,0.67261904,0.077380955,4.5
85,1.0,584.0,0.5,529.9643,54.035713,170528.0,0.48809522,0.0,0.11911848,0.0,0.0,0.0,0.5,584.0,0.125,237.96428,54.035713,170528.0,0.23809524,0.0,0.02834467,0.0,0.0,0.0,0.23809524,0.0,0.02834467,0.0,0.0,0.0,0.23809524,0.0,0.02834467,-0.4642857,0.4642857,0.0,0.25,565.0,0.03125,92.541664,48.708332,159612.5
86,1.0,0.0,0.5,-0.11904762,0.11904762,0.0,0.48809522,0.0,0.11911848,0.0,0.0,0.0,0.5,0.0,0.125,-0.11904762,0.11904762,0.0,0.23809524,0.0,0.02834467,0.0,0.0,0.0,0.23809524,0.0,0.02834467,0.0,0.0,0.0,0.23809524,0.0,0.02834467,0.0,0.0,0.0,0.25,0.0,0.03125,-0.11904762,0.11904762,0.0
87,1.0,0.0,0.5,-0.1904762,0.1904762,0.0,0.48809522,0.0,0.11911848,0.0,0.0,0.0,0.5,0.0,0.125,-0.1904762,0.1904762,0.0,0.23809524,0.0,0.02834467,0.0,0.0,0.0,0.23809524,0.0,0.02834467,0.0,0.0,0.0,0.23809524,0.0,0.02834467,0.0,0.0,0.0,0.25,0.0,0.03125,-0.1904762,0.1904762,0.0
88,1.0,51.0,0.5,49.279762,1.7202381,1300.5,0.48809522,0.0,0.11911848,0.0,0.0,0.0,0.5,51.0,0.125,23.779762,1.7202381,1300.5,0.23809524,0.0,0.02834467,0.0,0.0,0.0,0.23809524,0.0,0.02834467,0.0,0.0,0.0,0.23809524,0.0,0.02834467,0.0,0.0,0.0,0.25,51.0,0.03125,11.029762,1.7202381,1300.5
89,1.0,1063.0,0.5,927.6726,135.32738,564984.5,0.48809522,0.0,0.11911848,-0.011904762,0.011904762,0.0,0.5,1063.0,0.125,396.1845,135.31548,564984.5,0.23809524,0.0,0.02834467,0.0,0.0,0.0,0.23809524,0.0,0.02834467,-0.011904762,0.011904762,0.0,0.23809524,0.0,0.02834467,-2.3690476,2.3690476,0.0,0.25,996.0,0.03125,133.20238,115.79762,496008.0
90,1.0,173.0,0.5,138.29167,34.708332,14964.5,0.48809522,0.0,0.11911848,0.0,0.0,0.0,0.5,173.0,0.125,51.791668,34.708332,14964.5,0.23809524,0.0,0.02834467,0.0,0.0,0.0,0.23809524,0.0,0.02834467,0.0,0.0,0.0,0.23809524,0.0,0.02834467,-0.3809524,0.3809524,0.0,0.25,144.0,0.03125,9.095238,26.904762,10368.0
91,1.0,114.0,0.5,96.4881,17.511906,6498.0,0.48809522,0.0,0.11911848,0.0,0.0,0.0,0.5,114.0,0.125,39.488094,17.511906,6498.0,0.23809524,0.0,0.02834467,0.0,0.0,0.0,0.23809524,0.0,0.02834467,0.0,0.0,0.0,0.23809524,0.0,0.02834467,-0.071428575,0.071428575,0.0,0.25,101.0,0.03125,11.136905,14.113095,5100.5
92,1.0,83.0,0.5,75.99405,7.0059524,3444.5,0.48809522,0.0,0.11911848,0.0,0.0,0.0,0.5,83.0,0.125,34.49405,7.0059524,3444.5,0.23809524,0.0,0.02834467,0.0,0.0,0.0,0.23809524,0.0,0.02834467,0.0,0.0,0.0,0.23809524,0.0,0.02834467,-0.71428573,0.71428573,0.0,0.25,82.0,0.03125,14.464286,6.035714,3362.0
93,1.0,0.0,0.5,-4.4761906,4.4761906,0.0,0.48809522,0.0,0.11911848,0.0,0.0,0.0,0.5,0.0,0.125,-4.4761906,4.4761906,0.0,0.23809524,0.0,0.02834467,0.0,0.0,0.0,0.23809524,0.0,0.02834467,0.0,0.0,0.0,0.23809524,3.0,0.02834467,0.66071427,0.05357143,4.5,0.25,-2.0,0.03125,-4.392857,3.892857,2.0
94,1.0,0.0,0.5,-4.0,4.0,0.0,0.48809522,0.0,0.11911848,0.0,0.0,0.0,0.5,0.0,0.125,-4.0,4.0,0.0,0.23809524,0.0,0.02834467,0.0,0.0,0.0,0.23809524,0.0,0.02834467,0.0,0.0,0.0,0.23809524,0.0,0.02834467,-0.05952381,0.05952381,0.0,0.25,-2.0,0.03125,-3.9285715,3.4285715,2.0
95,1.0,87.0,0.5,64.26786,22.732143,3784.5,0.48809522,6.0,0.11911848,2.1904762,0.7380952,18.0,0.5,80.0,0.125,21.583334,18.416666,3200.0,0.23809524,0.0,0.02834467,-0.04761905,0.04761905,0.0,0.23809524,3.0,0.02834467,0.75595236,-0.041666668,4.5,0.23809524,52.0,0.02834467,9.095238,3.2857144,1352.0,0.25,87.0,0.03125,5.1369047,16.613094,3784.5
96,1.0,0.0,0.5,-0.97619045,0.97619045,0.0,0.48809522,0.0,0.11911848,0.0,0.0,0.0,0.5,0.0,0.125,-0.97619045,0.97619045,0.0,0.23809524,0.0,0.02834467,0.0,0.0,0.0,0.23809524,0.0,0.02834467,0.0,0.0,0.0,0.23809524,0.0,0.02834467,0.0,0.0,0.0,0.25,0.0,0.03125,-0.97619045,0.97619045,0.0
97,1.0,34.0,0.5,29.928572,4.071429,578.0,0.48809522,0.0,0.11911848,0.0,0.0,0.0,0.5,34.0,0.125,12.928572,4.071429,578.0,0.23809524,0.0,0.02834467,0.0,0.0,0.0,0.23809524,0.0,0.02834467,0.0,0.0,0.0,0.23809524,0.0,0.02834467,-0.023809524,0.023809524,0.0,0.25,34.0,0.03125,4.452381,4.047619,578.0
98,1.0,0.0,0.5,-0.5,0.5,0.0,0.48809522,0.0,0.11911848,0.0,0.0,0.0,0.5,0.0,0.125,-0.5,0.5,0.0,0.23809524,0.0,0.02834467,0.0,0.0,0.0,0.23809524,0.0,0.02834467,0.0,0.0,0.0,0.23809524,0.0,0.02834467,0.0,0.0,0.0,0.25,0.0,0.03125,-0.5,0.5,0.0
99,1.0,77.0,0.5,68.05357,8.946428,2964.5,0.48809522,0.0,0.11911848,0.0,0.0,0.0,0.5,77.0,0.125,29.553572,8.946428,2964.5,0.23809524,0.0,0.02834467,0.0,0.0,0.0,0.23809524,0.0,0.02834467,0.0,0.0,0.0,0.23809524,1.0,0.02834467,0.10119048,0.13690476,0.5,0.25,77.0,0.03125,10.446428,8.803572,2964.5
100,1.0,0.0,0.5,-2.4642856,2.4642856,0.0,0.48809522,0.0,0.11911848,0.0,0.0,0.0,0.5,0.0,0.125,-2.4642856,2.4642856,0.0,0.23809524,0.0,0.02834467,0.0,0.0,0.0,0.23809524,0.0,0.02834467,0.0,0.0,0.0,0.23809524,0.0,0.02834467,0.0,0.0,0.0,0.25,0.0,0.03125,-2.4642856,2.4642856,0.0
101,1.0,35.0,0.5,24.744047,10.255953,612.5,0.48809522,2.0,0.11911848,0.071428575,0.9047619,2.0,0.5,31.0,0.125,8.184524,7.3154764,480.5,0.23809524,1.0,0.02834467,0.1845238,0.05357143,0.5,0.23809524,0.0,0.02834467,-0.35714287,0.35714287,0.0,0.23809524,6.0,0.02834467,1.4761904,-0.04761905,18.0,0.25,29.0,0.03125,0.43452382,6.8154764,420.5
102,1.0,9.0,0.5,7.053571,1.9464285,40.5,0.48809522,0.0,0.11911848,0.0,0.0,0.0,0.5,9.0,0.125,2.5535715,1.9464285,40.5,0.23809524,0.0,0.02834467,0.0,0.0,0.0,0.23809524,0.0,0.02834467,0.0,0.0,0.0,0.23809524,0.0,0.02834467,-0.023809524,0.023809524,0.0,0.25,9.0,0.03125,0.32738096,1.9226191,40.5
103,1.0,7.0,0.5,6.6488094,0.35119048,24.5,0.48809522,0.0,0.11911848,0.0,0.0,0.0,0.5,7.0,0.125,3.1488094,0.35119048,24.5,0.23809524,0.0,0.02834467,0.0,0.0,0.0,0.23809524,0.0,0.02834467,0.0,0.0,0.0,0.23809524,0.0,0.02834467,0.0,0.0,0.0,0.25,7.0,0.03125,1.3988096,0.35119048,24.5
104,1.0,5.0,0.5,4.922619,0.077380955,12.5,0.48809522,0.0,0.11911848,0.0,0.0,0.0,0.5,5.0,0.125,2.422619,0.077380955,12.5,0.23809524,0.0,0.02834467,0.0,0.0,0.0,0.23809524,0.0,0.02834467,0.0,0.0,0.0,0.23809524,0.0,0.02834467,0.0,0.0,0.0,0.25,5.0,0.03125,1.1726191,0.077380955,12.5
105,1.0,58.0,0.5,51.511906,6.4880953,1682.0,0.48809522,0.0,0.11911848,0.0,0.0,0.0,0.5,58.0,0.125,22.511906,6.4880953,1682.0,0.23809524,0.0,0.02834467,0.0,0.0,0.0,0.23809524,0.0,0.02834467,0.0,0.0,0.0,0.23809524,0.0,0.02834467,-0.023809524,0.023809524,0.0,0.25,57.0,0.03125,8.041667,6.2083335,1624.5
106,1.0,124.0,0.5,74.42857,49.57143,7688.0,0.48809522,0.0,0.11911848,0.0,0.0,0.0,0.5,124.0,0.125,12.428572,49.57143,7688.0,0.23809524,0.0,0.02834467,0.0,0.0,0.0,0.23809524,0.0,0.02834467,0.0,0.0,0.0,0.23809524,23.0,0.02834467,3.327381,2.1488094,264.5,0.25,39.0,0.03125,-15.779762,25.529762,760.5
107,1.0,52.0,0.5,45.559525,6.4404764,1352.0,0.48809522,0.0,0.11911848,0.0,0.0,0.0,0.5,52.0,0.125,19.559525,6.4404764,1352.0,0.23809524,0.0,0.02834467,0.0,0.0,0.0,0.23809524,0.0,0.02834467,0.0,0.0,0.0,0.23809524,16.0,0.02834467,2.7738094,1.0357143,128.0,0.25,37.0,0.03125,7.779762,1.4702381,684.5
108,1.0,52.0,0.5,50.333332,1.6666666,1352.0,0.48809522,0.0,0.11911848,0.0,0.0,0.0,0.5,52.0,0.125,24.333334,1.6666666,1352.0,0.23809524,0.0,0.02834467,0.0,0.0,0.0,0.23809524,0.0,0.02834467,0.0,0.0,0.0,0.23809524,0.0,0.02834467,-0.04761905,0.04761905,0.0,0.25,52.0,0.03125,11.380953,1.6190476,1352.0
109,1.0,0.0,0.5,-0.083333336,0.083333336,0.0,0.48809522,0.0,0.11911848,0.0,0.0,0.0,0.5,0.0,0.125,-0.083333336,0.083333336,0.0,0.23809524,0.0,0.02834467,0.0,0.0,0.0,0.23809524,0.0,0.02834467,0.0,0.0,0.0,0.23809524,0.0,0.02834467,0.0,0.0,0.0,0.25,0.0,0.03125,-0.083333336,0.083333336,0.0
110,1.0,1556.0,0.5,1436.369,119.63095,1210568.0,0.48809522,0.0,0.11911848,0.0,0.0,0.0,0.5,1556.0,0.125,658.369,119.63095,1210568.0,0.23809524,0.0,0.02834467,0.0,0.0,0.0,0.23809524,0.0,0.02834467,0.0,0.0,0.0,0.23809524,0.0,0.02834467,0.0,0.0,0.0,0.25,1556.0,0.03125,269.36905,119.63095,1210568.0
111,1.0,56.0,0.5,41.904762,14.095238,1568.0,0.48809522,0.0,0.11911848,0.0,0.0,0.0,0.5,56.0,0.125,13.904762,14.095238,1568.0,0.23809524,0.0,0.02834467,0.0,0.0,0.0,0.23809524,0.0,0.02834467,0.0,0.0,0.0,0.23809524,0.0,0.02834467,-0.86904764,0.86904764,0.0,0.25,39.0,0.03125,0.875,8.875,760.5
112,1.0,0.0,0.5,-0.05952381,0.05952381,0.0,0.48809522,0.0,0.11911848,0.0,0.0,0.0,0.5,0.0,0.125,-0.05952381,0.05952381,0.0,0.23809524,0.0,0.02834467,0.0,0.0,0.0,0.23809524,0.0,0.02834467,0.0,0.0,0.0,0.23809524,0.0,0.02834467,0.0,0.0,0.0,0.25,0.0,0.03125,-0.05952381,0.05952381,0.0
113,1.0,884.0,0.5,749.381,134.61905,390728.0,0.48809522,0.0,0.11911848,0.0,0.0,0.0,0.5,884.0,0.125,307.38095,134.61905,390728.0,0.23809524,0.0,0.02834467,0.0,0.0,0.0,0.23809524,0.0,0.02834467,0.0,0.0,0.0,0.23809524,0.0,0.02834467,-3.1547618,3.1547618,0.0,0.25,767.0,0.03125,90.23214,101.51786,294144.5
114,1.0,33.0,0.5,24.113094,8.886905,544.5,0.48809522,0.0,0.11911848,0.0,0.0,0.0,0.5,33.0,0.125,7.6130953,8.886905,544.5,0.23809524,0.0,0.02834467,0.0,0.0,0.0,0.23809524,0.0,0.02834467,0.0,0.0,0.0,0.23809524,0.0,0.02834467,-0.1904762,0.1904762,0.0,0.25,26.0,0.03125,-0.4047619,6.904762,338.0
115,1.0,1138.0,0.5,961.2976,176.70238,647522.0,0.48809522,0.0,0.11911848,0.0,0.0,0.0,0.5,1138.0,0.125,392.2976,176.70238,647522.0,0.23809524,0.0,0.02834467,0.0,0.0,0.0,0.23809524,0.0,0.02834467,0.0,0.0,0.0,0.23809524,0.0,0.02834467,-3.952381,3.952381,0.0,0.25,979.0,0.03125,112.69643,132.05357,479220.5
116,1.0,26.0,0.5,24.5,1.5,338.0,0.48809522,0.0,0.11911848,0.0,0.0,0.0,0.5,26.0,0.125,11.5,1.5,338.0,0.23809524,0.0,0.02834467,0.0,0.0,0.0,0.23809524,0.0,0.02834467,0.0,0.0,0.0,0.23809524,0.0,0.02834467,-0.023809524,0.023809524,0.0,0.25,26.0,0.03125,5.0238094,1.4761904,338.0
117,1.0,2.0,0.5,1.5833334,0.41666666,2.0,0.48809522,0.0,0.11911848,0.0,0.0,0.0,0.5,2.0,0.125,0.5833333,0.41666666,2.0,0.23809524,0.0,0.02834467,0.0,0.0,0.0,0.23809524,0.0,0.02834467,0.0,0.0,0.0,0.23809524,0.0,0.02834467,0.0,0.0,0.0,0.25,2.0,0.03125,0.083333336,0.41666666,2.0
118,1.0,320.0,0.5,311.17856,8.821428,51200.0,0.48809522,0.0,0.11911848,0.0,0.0,0.0,0.5,320.0,0.125,151.17857,8.821428,51200.0,0.23809524,0.0,0.02834467,0.0,0.0,0.0,0.23809524,0.0,0.02834467,0.0,0.0,0.0,0.23809524,0.0,0.02834467,-0.011904762,0.011904762,0.0,0.25,316.0,0.03125,71.21429,7.785714,49928.0
119,1.0,0.0,0.5,-0.10714286,0.10714286,0.0,0.48809522,0.0,0.11911848,0.0,0.0,0.0,0.5,0.0,0.125,-0.10714286,0.10714286,0.0,0.23809524,0.0,0.02834467,0.0,0.0,0.0,0.23809524,0.0,0.02834467,0.0,0.0,0.0,0.23809524,0.0,0.02834467,0.0,0.0,0.0,0.25,0.0,0.03125,-0.10714286,0.10714286,0.0
120,1.0,0.0,0.5,-0.05952381,0.05952381,0.0,0.48809522,0.0,0.11911848,0.0,0.0,0.0,0.5,0.0,0.125,-0.05952381,0.05952381,0.0,0.23809524,0.0,0.02834467,0.0,0.0,0.0,0.23809524,0.0,0.02834467,0.0,0.0,0.0,0.23809524,0.0,0.02834467,0.0,0.0,0.0,0.25,0.0,0.03125,-0.05952381,0.05952381,0.0
121,1.0,29.0,0.5,27.517857,1.4821428,420.5,0.48809522,0.0,0.11911848,0.0,0.0,0.0,0.5,29.0,0.125,13.017858,1.4821428,420.5,0.23809524,0.0,0.02834467,0.0,0.0,0.0,0.23809524,0.0,0.02834467,0.0,0.0,0.0,0.23809524,0.0,0.02834467,0.0,0.0,0.0,0.25,29.0,0.03125,5.767857,1.4821428,420.5
122,1.0,4.0,0.5,3.202381,0.79761904,8.0,0.48809522,0.0,0.11911848,0.0,0.0,0.0,0.5,4.0,0.125,1.2023809,0.79761904,8.0,0.23809524,0.0,0.02834467,0.0,0.0,0.0,0.23809524,0.0,0.02834467,0.0,0.0,0.0,0.23809524,0.0,0.02834467,-0.011904762,0.011904762,0.0,0.25,4.0,0.03125,0.21428572,0.78571427,8.0
123,1.0,38.0,0.5,14.559524,23.440475,722.0,0.48809522,0.0,0.11911848,0.0,0.0,0.0,0.5,38.0,0.125,-4.4404764,23.440475,722.0,0.23809524,0.0,0.02834467,0.0,0.0,0.0,0.23809524,0.0,0.02834467,0.0,0.0,0.0,0.23809524,3.0,0.02834467,0.67261904,0.041666668,4.5,0.25,38.0,0.03125,-13.880953,23.380953,722.0
124,1.0,2.0,0.5,1.4642857,0.53571427,2.0,0.48809522,0.0,0.11911848,0.0,0.0,0.0,0.5,2.0,0.125,0.4642857,0.53571427,2.0,0.23809524,0.0,0.02834467,0.0,0.0,0.0,0.23809524,0.0,0.02834467,0.0,0.0,0.0,0.23809524,0.0,0.02834467,0.0,0.0,0.0,0.25,2.0,0.03125,-0.035714287,0.53571427,2.0
125,1.0,6.0,0.5,4.952381,1.0476191,18.0,0.48809522,0.0,0.11911848,0.0,0.0,0.0,0.5,6.0,0.125,1.9523809,1.0476191,18.0,0.23809524,0.0,0.02834467,0.0,0.0,0.0,0.23809524,0.0,0.02834467,0.0,0.0,0.0,0.23809524,0.0,0.02834467,0.0,0.0,0.0,0.25,6.0,0.03125,0.45238096,1.0476191,18.0
126,1.0,4.0,0.5,3.857143,0.14285715,8.0,0.48809522,0.0,0.11911848,0.0,0.0,0.0,0.5,4.0,0.125,1.8571428,0.14285715,8.0,0.23809524,0.0,0.02834467,0.0,0.0,0.0,0.23809524,0.0,0.02834467,0.0,0.0,0.0,0.23809524,0.0,0.02834467,0.0,0.0,0.0,0.25,4.0,0.03125,0.85714287,0.14285715,8.0
127,1.0,0.0,0.5,-0.14285715,0.14285715,0.0,0.48809522,0.0,0.11911848,0.0,0.0,0.0,0.5,0.0,0.125,-0.14285715,0.14285715,0.0,0.23809524,0.0,0.02834467,0.0,0.0,0.0,0.23809524,0.0,0.02834467,0.0,0.0,0.0,0.23809524,0.0,0.02834467,0.0,0.0,0.0,0.25,-1.0,0.03125,-0.13690476,-0.11309524,0.5
128,1.0,44.0,0.5,34.916668,9.083333,968.0,0.48809522,0.0,0.11911848,0.0,0.0,0.0,0.5,44.0,0.125,12.916667,9.083333,968.0,0.23809524,0.0,0.02834467,0.0,0.0,0.0,0.23809524,0.0,0.02834467,0.0,0.0,0.0,0.23809524,0.0,0.02834467,-0.011904762,0.011904762,0.0,0.25,40.0,0.03125,1.9523809,8.047619,800.0
129,1.0,0.0,0.5,-0.0952381,0.0952381,0.0,0.48809522,0.0,0.11911848,0.0,0.0,0.0,0.5,0.0,0.125,-0.0952381,0.0952381,0.0,0.23809524,0.0,0.02834467,0.0,0.0,0.0,0.23809524,0.0,0.02834467,0.0,0.0,0.0,0.23809524,0.0,0.02834467,0.0,0.0,0.0,0.25,0.0,0.03125,-0.0952381,0.0952381,0.0
130,1.0,662.0,0.5,590.7381,71.2619,219122.0,0.48809522,1.0,0.11911848,0.39880952,0.08928572,0.5,0.5,662.0,0.125,259.83334,71.166664,219122.0,0.23809524,1.0,0.02834467,0.22023809,0.017857144,0.5,0.23809524,0.0,0.02834467,0.17857143,-0.17857143,0.0,0.23809524,12.0,0.02834467,2.1666667,0.6904762,72.0,0.25,657.0,0.03125,95.125,69.125,215824.5
131,1.0,5.0,0.5,4.267857,0.73214287,12.5,0.48809522,0.0,0.11911848,0.0,0.0,0.0,0.5,5.0,0.125,1.7678572,0.73214287,12.5,0.23809524,0.0,0.02834467,0.0,0.0,0.0,0.23809524,0.0,0.02834467,0.0,0.0,0.0,0.23809524,0.0,0.02834467,-0.011904762,0.011904762,0.0,0.25,5.0,0.03125,0.5297619,0.7202381,12.5
132,1.0,1.0,0.5,-0.50595236,1.5059524,0.5,0.48809522,0.0,0.11911848,0.0,0.0,0.0,0.5,1.0,0.125,-1.0059524,1.5059524,0.5,0.23809524,0.0,0.02834467,0.0,0.0,0.0,0.23809524,0.0,0.02834467,0.0,0.0,0.0,0.23809524,0.0,0.02834467,0.0,0.0,0.0,0.25,0.0,0.03125,-1.25,1.25,0.0
133,1.0,0.0,0.5,-0.05952381,0.05952381,0.0,0.48809522,0.0,0.11911848,0.0,0.0,0.0,0.5,0.0,0.125,-0.05952381,0.05952381,0.0,0.23809524,0.0,0.02834467,0.0,0.0,0.0,0.23809524,0.0,0.02834467,0.0,0.0,0.0,0.23809524,0.0,0.02834467,0.0,0.0,0.0,0.25,0.0,0.03125,-0.05952381,0.05952381,0.0
134,1.0,13.0,0.5,10.791667,2.2083333,84.5,0.48809522,0.0,0.11911848,0.0,0.0,0.0,0.5,13.0,0.125,4.2916665,2.2083333,84.5,0.23809524,0.0,0.02834467,0.0,0.0,0.0,0.23809524,0.0,0.02834467,0.0,0.0,0.0,0.23809524,0.0,0.02834467,-0.1904762,0.1904762,0.0,0.25,11.0,0.03125,1.2440476,1.5059524,60.5
135,1.0,2.0,0.5,0.61904764,1.3809524,2.0,0.48809522,0.0,0.11911848,0.0,0.0,0.0,0.5,2.0,0.125,-0.3809524,1.3809524,2.0,0.23809524,0.0,0.02834467,0.0,0.0,0.0,0.23809524,0.0,0.02834467,0.0,0.0,0.0,0.23809524,6.0,0.02834467,1.1666666,0.26190478,18.0,0.25,-2.0,0.03125,-0.5595238,0.05952381,2.0
136,1.0,3.0,0.5,2.6130953,0.38690478,4.5,0.48809522,0.0,0.11911848,0.0,0.0,0.0,0.5,3.0,0.125,1.1130953,0.38690478,4.5,0.23809524,0.0,0.02834467,0.0,0.0,0.0,0.23809524,0.0,0.02834467,0.0,0.0,0.0,0.23809524,0.0,0.02834467,-0.011904762,0.011904762,0.0,0.25,3.0,0.03125,0.375,0.375,4.5
137,1.0,36.0,0.5,27.702381,8.297619,648.0,0.48809522,0.0,0.11911848,0.0,0.0,0.0,0.5,36.0,0.125,9.702381,8.297619,648.0,0.23809524,0.0,0.02834467,0.0,0.0,0.0,0.23809524,0.0,0.02834467,0.0,0.0,0.0,0.23809524,0.0,0.02834467,-0.11904762,0.11904762,0.0,0.25,36.0,0.03125,0.8214286,8.178572,648.0
138,1.0,90.0,0.5,-892.1429,982.1429,4050.0,0.48809522,2051.0,0.11911848,172.3988,828.6845,2103300.5,0.5,-1803.0,0.125,-84.98214,-816.5179,1625404.5,0.23809524,776.0,0.02834467,156.5119,28.25,301088.0,0.23809524,279.0,0.02834467,-296.9345,363.3631,38920.5,0.23809524,-1848.0,0.02834467,-100.0,-340.0,1707552.0,0.25,70.0,0.03125,3.6190476,13.880953,2450.0
139,1.0,5.0,0.5,4.660714,0.3392857,12.5,0.48809522,0.0,0.11911848,0.0,0.0,0.0,0.5,5.0,0.125,2.1607144,0.3392857,12.5,0.23809524,0.0,0.02834467,0.0,0.0,0.0,0.23809524,0.0,0.02834467,0.0,0.0,0.0,0.23809524,0.0,0.02834467,0.0,0.0,0.0,0.25,5.0,0.03125,0.91071427,0.3392857,12.5
