unique_id,hurst_dim_0,series_length_dim_0,unitroot_pp_dim_0,unitroot_kpss_dim_0,hw_alpha_dim_0,hw_beta_dim_0,hw_gamma_dim_0,stability_dim_0,nperiods_dim_0,seasonal_period_dim_0,trend_dim_0,spike_dim_0,linearity_dim_0,curvature_dim_0,e_acf1_dim_0,e_acf10_dim_0,x_pacf5_dim_0,diff1x_pacf5_dim_0,diff2x_pacf5_dim_0,nonlinearity_dim_0,lumpiness_dim_0,alpha_dim_0,beta_dim_0,arch_acf_dim_0,garch_acf_dim_0,arch_r2_dim_0,garch_r2_dim_0,flat_spots_dim_0,entropy_dim_0,crossing_points_dim_0,arch_lm_dim_0,x_acf1_dim_0,x_acf10_dim_0,diff1_acf1_dim_0,diff1_acf10_dim_0,diff2_acf1_dim_0,diff2_acf10_dim_0
0,0.0,84.0,-75.84,1.1794944,0.0,0.0,0.0,0.17715132,0.0,1.0,0.0,0.0,0.0,0.0,0.0,0.0,0.15833,0.20133992,0.37590528,0.462342,0.4073082,0.101378754,0.101378754,0.0,0.0,0.0,0.0,59.0,0.88652605,13.0,0.66438955,0.06373359,0.2968906,-0.3100564,0.28699225,-0.53968376,0.49568707
1,0.0,84.0,-44.336456,0.39846095,0.0,0.0,0.0,0.0031888036,0.0,1.0,0.0,0.0,0.0,0.0,0.0,0.0,0.33083177,0.27885148,0.7032023,6.8616743,0.008134774,0.1858652,0.0,0.0,0.0,0.0,0.0,78.0,0.0,4.0,0.99876136,0.45409283,0.2272433,-0.15492958,0.20338227,-0.4054878,0.42606708
2,0.0,84.0,-92.515785,0.32996333,0.0,0.0,0.0,0.15023722,0.0,1.0,0.0,0.0,0.0,0.0,0.0,0.0,0.04324238,0.5099639,1.0897789,0.0012640568,8.0917845,1.4901161e-08,1.1674284e-09,0.0,0.0,0.0,0.0,76.0,0.981577,4.0,0.9980505,-0.017444149,0.04044449,-0.60588235,0.42314878,-0.75457877,0.71281314
3,0.0,84.0,-57.21947,0.6498554,0.0,0.0,0.0,0.31134367,0.0,1.0,0.0,0.0,0.0,0.0,0.0,0.0,0.17324321,0.3903384,0.81107056,1.8120613,1.910181,2.048962e-08,1.628409e-17,0.0,0.0,0.0,0.0,59.0,0.8774904,8.0,0.10516848,0.29117048,0.27633953,-0.30357143,0.34375,-0.510557,0.42597434
4,0.0,84.0,0.24833523,1.2332366,0.0,0.0,0.0,0.45999834,0.0,1.0,0.0,0.0,0.0,0.0,0.0,0.0,0.7957507,0.43010125,0.6957618,2.9416876,0.15581806,0.21107958,0.21107958,0.0,0.0,0.0,0.0,63.0,0.61205065,17.0,0.9622644,0.8008254,3.064496,-0.42320693,0.60393894,-0.53244114,0.87009686
5,0.0,84.0,-72.37919,1.2567598,0.0,0.0,0.0,0.27398577,0.0,1.0,0.0,0.0,0.0,0.0,0.0,0.0,0.27142867,0.62678987,1.1312412,1.7099415,1.194436,0.10102489,0.10102489,0.0,0.0,0.0,0.0,62.0,0.8300785,11.0,0.34372875,0.2179771,0.7121696,-0.54502356,0.5713872,-0.6346587,0.6852135
6,0.0,84.0,-18.61455,1.3417236,0.0,0.0,0.0,0.5951711,0.0,1.0,0.0,0.0,0.0,0.0,0.0,0.0,0.787812,0.6214423,1.1345512,0.67358226,0.29683286,0.15995947,0.15995947,0.0,0.0,0.0,0.0,56.0,0.6291739,11.0,0.7588125,0.679436,3.0937598,-0.5637265,0.5000301,-0.6765267,0.6047587
7,0.0,84.0,-98.856705,0.5496124,0.0,0.0,0.0,0.22030865,0.0,1.0,0.0,0.0,0.0,0.0,0.0,0.0,0.1883728,0.67387503,1.1638073,0.0049329936,5.6272464,2.4200398e-08,1.2920086e-10,0.0,0.0,0.0,0.0,69.0,0.9218368,8.0,0.9429601,-0.037477955,0.25125062,-0.6666667,0.9097222,-0.8,1.2801563
8,0.0,84.0,-27.745674,0.9406662,0.0,0.0,0.0,0.2744306,0.0,1.0,0.0,0.0,0.0,0.0,0.0,0.0,0.8748103,0.5226976,0.49963212,1.8459826,0.34542954,0.20505047,0.20505047,0.0,0.0,0.0,0.0,68.0,0.74368656,17.0,0.98933184,0.4747729,1.4995314,-0.60721475,0.6352086,-0.60989356,0.6631044
9,0.0,84.0,-5.2834187,0.982636,0.0,0.0,0.0,0.24914585,0.0,1.0,0.0,0.0,0.0,0.0,0.0,0.0,0.67957765,0.39504156,0.6109861,3.7751482,0.14005654,0.276259,0.276259,0.0,0.0,0.0,0.0,66.0,0.6777511,11.0,0.98379916,0.7925524,2.1890876,-0.5848889,0.548674,-0.69573927,0.73506296
10,0.0,84.0,-70.569374,0.66057765,0.0,0.0,0.0,0.17621948,0.0,1.0,0.0,0.0,0.0,0.0,0.0,0.0,0.06341133,0.52177155,1.0056316,0.057332657,6.692339,0.07331368,0.07331368,0.0,0.0,0.0,0.0,75.0,0.95406866,11.0,0.9999384,0.15979283,0.14020725,-0.41572803,0.26510245,-0.59681803,0.45347968
11,0.0,84.0,-59.621365,0.9554457,0.0,0.0,0.0,0.23116536,0.0,1.0,0.0,0.0,0.0,0.0,0.0,0.0,0.53842616,0.91265154,1.4422904,1.687284,1.9158212,0.1791264,0.1791264,0.0,0.0,0.0,0.0,69.0,0.8039531,9.0,0.9993231,0.36163723,1.1600755,-0.7220748,0.6115078,-0.780097,0.73221403
12,0.0,84.0,-51.93381,0.7629706,0.0,0.0,0.0,0.10539706,0.0,1.0,0.0,0.0,0.0,0.0,0.0,0.0,0.2967655,0.48605442,0.73789936,0.82706344,1.4966191,0.15544257,0.15544257,0.0,0.0,0.0,0.0,75.0,0.88861084,11.0,0.9859841,0.36313757,0.47867453,-0.37756225,0.3367321,-0.6112501,0.67900115
13,0.0,84.0,-20.626242,1.0469464,0.0,0.0,0.0,0.4485827,0.0,1.0,0.0,0.0,0.0,0.0,0.0,0.0,0.70668674,0.2640518,0.6426043,1.408951,0.2718287,0.20595388,0.11810063,0.0,0.0,0.0,0.0,67.0,0.6828976,8.0,0.9122178,0.71111727,2.2722096,-0.47369727,0.5476744,-0.78764117,1.5040303
14,0.0,84.0,-64.315056,0.5283224,0.0,0.0,0.0,0.107298225,0.0,1.0,0.0,0.0,0.0,0.0,0.0,0.0,0.0446653,0.3336292,0.78851783,5.376188,2.3597865,1.4901161e-08,5.928322e-10,0.0,0.0,0.0,0.0,72.0,0.9074689,4.0,0.9728332,0.1952153,0.27609593,-0.35714287,0.43367347,-0.57894737,0.68767315
15,0.0,84.0,-83.19382,0.22608587,0.0,0.0,0.0,0.105,0.0,1.0,0.0,0.0,0.0,0.0,0.0,0.0,0.0008194426,0.4913889,1.0471882,0.0,8.82,1.4901161e-08,2.4185567e-10,0.0,0.0,0.0,0.0,72.0,0.9927801,2.0,0.0025398291,-0.012191623,0.0016495989,-0.5,0.25,-0.6666667,0.4722222
16,0.0,84.0,-75.17946,1.036578,0.0,0.0,0.0,0.19003952,0.0,1.0,0.0,0.0,0.0,0.0,0.0,0.0,0.5259465,0.5682044,0.59152657,0.5511078,0.5719573,0.17371778,0.17371778,0.0,0.0,0.0,0.0,69.0,0.81115896,17.0,0.9977014,0.16733213,0.9373255,-0.5971011,0.72971904,-0.62612057,0.6515536
17,0.0,84.0,-22.824387,0.69892716,0.0,0.0,0.0,0.072721966,0.0,1.0,0.0,0.0,0.0,0.0,0.0,0.0,0.3873236,0.5164569,0.97171485,0.2944925,0.3530879,0.30007195,0.30007195,0.0,0.0,0.0,0.0,76.0,0.859947,5.0,0.96322095,0.40109035,0.68099165,-0.6508634,0.6957429,-0.79562515,0.9439243
18,0.0,84.0,-82.453354,0.9817038,0.0,0.0,0.0,0.10262374,0.0,1.0,0.0,0.0,0.0,0.0,0.0,0.0,0.25545648,0.68218964,0.85875946,0.4571493,0.38023633,0.11009203,0.11009203,0.0,0.0,0.0,0.0,66.0,0.85475034,11.0,0.74563825,0.17271432,0.41370088,-0.71303296,1.015205,-0.7518759,1.1579486
19,0.0,84.0,-7.7714415,1.1864604,0.0,0.0,0.0,0.5494177,0.0,1.0,0.0,0.0,0.0,0.0,0.0,0.0,0.85702,0.48394507,0.9221169,2.9491456,0.3777503,0.18531476,0.18531476,0.0,0.0,0.0,0.0,66.0,0.6343473,17.0,0.58742666,0.7829008,2.8615296,-0.1628829,0.5912595,-0.331968,0.7219532
20,0.0,84.0,-65.041725,0.7242533,0.0,0.0,0.0,0.3072389,0.0,1.0,0.0,0.0,0.0,0.0,0.0,0.0,0.2230393,0.43070754,0.76737446,0.61016417,4.2228413,0.16752362,0.0,0.0,0.0,0.0,0.0,75.0,0.0,5.0,0.037326194,0.27081963,0.4662643,-0.474524,0.40219003,-0.60460615,0.5349769
21,0.0,84.0,-95.49077,0.5340344,0.0,0.0,0.0,0.085516706,0.0,1.0,0.0,0.0,0.0,0.0,0.0,0.0,0.038099322,0.23729715,0.58154017,0.0037530493,1.9880435,1.4901161e-08,1.4901161e-08,0.0,0.0,0.0,0.0,65.0,0.0,7.0,0.009899426,-0.025223952,0.039839797,-0.45324042,0.24628748,-0.65522534,0.52176964
22,0.0,84.0,-90.000694,0.9253619,0.0,0.0,0.0,0.13775831,0.0,1.0,0.0,0.0,0.0,0.0,0.0,0.0,0.115897246,0.22528008,0.47450942,0.6023071,0.6455546,0.119832665,0.119832665,0.0,0.0,0.0,0.0,54.0,0.90800333,11.0,0.78978205,0.0063624023,0.2351886,-0.39741394,0.31878844,-0.6386556,0.67392
23,0.0,84.0,0.7287887,1.101216,0.0,0.0,0.0,0.36918116,0.0,1.0,0.0,0.0,0.0,0.0,0.0,0.0,0.7865045,0.289495,0.90058506,0.16378668,0.11732987,0.25584495,0.25584495,0.0,0.0,0.0,0.0,67.0,0.61515903,5.0,0.9848231,0.85917264,2.919105,-0.35451907,0.53921807,-0.58624625,0.95561975
24,0.0,84.0,-32.225887,1.2795421,0.0,0.0,0.0,0.37291232,0.0,1.0,0.0,0.0,0.0,0.0,0.0,0.0,0.61104065,0.7447384,1.2605283,1.6116763,0.40496722,0.16471328,0.16471328,0.0,0.0,0.0,0.0,56.0,0.7308235,13.0,0.76983696,0.47881958,1.9331142,-0.63475794,0.7386818,-0.7158504,0.90527403
25,0.0,84.0,-105.80294,0.8942217,0.0,0.0,0.0,0.07325768,0.0,1.0,0.0,0.0,0.0,0.0,0.0,0.0,0.32642844,0.70083106,0.66754055,0.2387458,0.043811534,0.13846329,0.13846329,0.0,0.0,0.0,0.0,67.0,0.89123464,16.0,0.9843104,0.014927536,0.43843296,-0.743549,0.7715892,-0.7274522,0.70475733
26,0.0,84.0,-91.081955,0.8543324,0.0,0.0,0.0,0.5395016,0.0,1.0,0.0,0.0,0.0,0.0,0.0,0.0,0.5034444,0.87998587,1.4878019,2.5582542,2.1139283,0.120325185,4.650003e-15,0.0,0.0,0.0,0.0,60.0,0.80376434,14.0,0.78286177,0.13582714,0.7918312,-0.6340996,1.2380617,-0.6991182,1.4342
27,0.0,84.0,-73.214584,0.9053723,0.0,0.0,0.0,0.064166926,0.0,1.0,0.0,0.0,0.0,0.0,0.0,0.0,0.4615506,0.65852123,0.54590505,0.6705743,0.07485237,0.18718708,0.18718708,0.0,0.0,0.0,0.0,68.0,0.84183615,15.0,0.99048305,0.17276019,0.64445215,-0.52573377,0.6733092,-0.5428921,0.63947624
28,0.0,84.0,-33.05237,1.2452781,0.0,0.0,0.0,0.37918258,0.0,1.0,0.0,0.0,0.0,0.0,0.0,0.0,0.59346914,0.7611283,0.7613182,2.0558016,0.31087565,0.15668398,0.15668398,0.0,0.0,0.0,0.0,64.0,0.7373533,9.0,0.8468746,0.56097627,1.8303696,-0.5198573,0.89829314,-0.5574327,0.8660496
29,0.0,84.0,-78.30585,0.98413503,0.0,0.0,0.0,0.26571056,0.0,1.0,0.0,0.0,0.0,0.0,0.0,0.0,0.7478451,1.184616,1.6867793,1.2938495,2.3885424,0.15945625,0.15945625,0.0,0.0,0.0,0.0,70.0,0.7894042,15.0,0.96704274,0.24433555,1.0885252,-0.73754114,0.83297,-0.7712007,0.85800505
30,0.0,84.0,-1.6476872,0.73116624,0.0,0.0,0.0,0.12629679,0.0,1.0,0.0,0.0,0.0,0.0,0.0,0.0,0.79070944,0.087814614,0.63818973,6.7418833,0.17168266,0.9119824,0.0,0.0,0.0,0.0,0.0,73.0,0.67222106,9.0,0.9951855,0.85226375,1.834471,-0.04766922,0.3348617,-0.38283736,0.61479616
31,0.0,84.0,-1.3557615,1.1295261,0.0,0.0,0.0,0.50988936,0.0,1.0,0.0,0.0,0.0,0.0,0.0,0.0,0.9500219,0.28506094,0.88683707,0.27422145,0.24204615,0.689653,0.0,0.0,0.0,0.0,0.0,65.0,0.5581152,9.0,0.97534186,0.8946006,3.341182,-0.40814725,0.47383854,-0.7649281,1.1489449
32,0.0,84.0,-76.88177,0.685791,0.0,0.0,0.0,0.046968214,0.0,1.0,0.0,0.0,0.0,0.0,0.0,0.0,0.29391593,0.56346184,0.716232,0.6042226,0.23521914,0.14593765,0.14593765,0.0,0.0,0.0,0.0,70.0,0.8991536,8.0,0.9979318,0.18634383,0.4107818,-0.64772725,1.1887268,-0.79290545,1.5379705
33,0.0,84.0,-27.025364,1.2910792,0.0,0.0,0.0,0.75226915,0.0,1.0,0.0,0.0,0.0,0.0,0.0,0.0,0.8974909,0.6737964,1.1905569,0.23417851,0.36548343,0.28273496,2.0007306e-14,0.0,0.0,0.0,0.0,58.0,0.6209962,15.0,0.68551743,0.6350771,2.8563817,-0.5931407,0.82507074,-0.6821913,1.0389382
34,0.0,84.0,-55.586414,0.3819037,0.0,0.0,0.0,0.15882716,0.0,1.0,0.0,0.0,0.0,0.0,0.0,0.0,0.30149928,0.4553798,1.0624969,0.0,3.758454,1.6358385e-08,1.1901036e-17,0.0,0.0,0.0,0.0,69.0,0.9043897,4.0,0.33772507,0.30820104,0.29481432,-0.25,0.5,-0.4,0.55
35,0.0,84.0,-26.901266,0.9332788,0.0,0.0,0.0,0.20712504,0.0,1.0,0.0,0.0,0.0,0.0,0.0,0.0,0.5177334,0.5387883,1.1676412,0.7037159,0.82211465,0.21079803,0.21079803,0.0,0.0,0.0,0.0,70.0,0.7877312,37.0,0.9443444,0.55993706,1.3483437,-0.5697571,0.40106693,-0.7351198,0.6714589
36,0.0,84.0,-65.128876,1.3243506,0.0,0.0,0.0,0.5135524,0.0,1.0,0.0,0.0,0.0,0.0,0.0,0.0,0.349876,0.6034125,1.1642107,1.3114258,2.2319098,0.07768955,2.8377516e-15,0.0,0.0,0.0,0.0,54.0,0.80634314,13.0,0.5006391,0.27429366,0.9123404,-0.5600914,0.68362516,-0.73843145,1.1431875
37,0.0,84.0,-54.765156,1.0326426,0.0,0.0,0.0,0.27994922,0.0,1.0,0.0,0.0,0.0,0.0,0.0,0.0,0.23786066,0.4877483,0.7773352,1.7607101,1.0485187,0.122703545,0.0,0.0,0.0,0.0,0.0,66.0,0.87124085,11.0,0.9006561,0.32100978,0.6228655,-0.38051164,0.33375606,-0.59279424,0.68416226
38,0.0,84.0,32.357323,0.9206423,0.0,0.0,0.0,0.10857929,0.0,1.0,0.0,0.0,0.0,0.0,0.0,0.0,0.28535613,0.09349356,0.20291758,0.69084805,0.045894057,0.3533141,0.3533141,0.0,0.0,0.0,0.0,70.0,0.88686275,13.0,0.9867652,0.39352533,0.6311162,-0.10915781,0.11091782,-0.39304113,0.33494592
39,0.0,84.0,-83.19382,0.169794,0.0,0.0,0.0,0.105,0.0,1.0,0.0,0.0,0.0,0.0,0.0,0.0,0.0008194426,0.4913889,1.0471882,0.0,8.82,1.4901161e-08,9.056771e-10,0.0,0.0,0.0,0.0,65.0,0.9927801,2.0,0.0028169013,-0.012191623,0.0016495989,-0.5,0.25,-0.6666667,0.4722222
40,0.0,84.0,-54.36599,0.47991842,0.0,0.0,0.0,0.15882716,0.0,1.0,0.0,0.0,0.0,0.0,0.0,0.0,0.11895547,0.27120668,0.7570909,0.0,3.758454,1.4901163e-08,1.4980273e-09,0.0,0.0,0.0,0.0,68.0,0.90453917,4.0,0.6582006,0.30820104,0.20929818,-0.25,0.25,-0.5,0.41
41,0.0,84.0,-1.2101204,1.3949337,0.0,0.0,0.0,0.49184576,0.0,1.0,0.0,0.0,0.0,0.0,0.0,0.0,0.91457,0.39536107,0.93780524,1.4680792,0.107985124,0.4437113,0.060730882,0.0,0.0,0.0,0.0,58.0,0.5962898,5.0,0.95587426,0.8222961,3.1204822,-0.5140906,0.8284734,-0.74336606,1.3527623
42,0.0,84.0,-79.89962,0.9822974,0.0,0.0,0.0,0.10678404,0.0,1.0,0.0,0.0,0.0,0.0,0.0,0.0,0.2836903,0.8521244,0.8266058,0.1643887,0.2218049,0.16597502,0.16597502,0.0,0.0,0.0,0.0,58.0,0.87894946,35.0,0.9650802,0.19514138,0.56854707,-0.70099944,0.69714457,-0.72771466,0.7550509
43,0.0,84.0,-6.7580886,1.1825981,0.0,0.0,0.0,0.46383962,0.0,1.0,0.0,0.0,0.0,0.0,0.0,0.0,0.7886875,0.5593571,0.7332985,3.9317486,0.10454406,0.19395232,0.19395232,0.0,0.0,0.0,0.0,67.0,0.6535458,11.0,0.93173784,0.65484244,2.688648,-0.44757852,0.5994735,-0.55854523,0.87430465
44,0.0,84.0,-45.47426,1.3655013,0.0,0.0,0.0,0.4702708,0.0,1.0,0.0,0.0,0.0,0.0,0.0,0.0,0.5136876,0.80423224,1.1169189,1.3990163,0.8321478,0.1380312,0.1380312,0.0,0.0,0.0,0.0,36.0,0.7416359,21.0,0.7752156,0.4536879,1.784471,-0.576733,0.60157186,-0.69679457,0.88730294
45,0.0,84.0,-86.65933,0.531589,0.0,0.0,0.0,0.12698038,0.0,1.0,0.0,0.0,0.0,0.0,0.0,0.0,0.10125053,0.544519,0.7829418,0.0020679529,6.834332,0.06994539,0.06994539,0.0,0.0,0.0,0.0,75.0,0.9612692,5.0,0.9994924,-0.019020008,0.098337375,-0.47465968,0.33267313,-0.6284569,0.4949572
46,0.0,84.0,-75.9723,0.99184537,0.0,0.0,0.0,0.2599574,0.0,1.0,0.0,0.0,0.0,0.0,0.0,0.0,0.38913748,0.9690988,1.2481469,0.37021688,1.8773447,0.12356535,0.12356535,0.0,0.0,0.0,0.0,70.0,0.0,19.0,0.92977184,0.189427,0.68396205,-0.57022256,0.50690836,-0.69396883,0.74626756
47,0.0,84.0,-71.03909,0.96141154,0.0,0.0,0.0,0.29667807,0.0,1.0,0.0,0.0,0.0,0.0,0.0,0.0,0.47482365,0.72943133,0.8376296,0.5019029,2.7714624,0.12303641,0.12303641,0.0,0.0,0.0,0.0,67.0,0.813651,8.0,0.9922948,0.24929862,0.8692972,-0.44315788,1.2636276,-0.49967313,1.3354462
48,0.0,84.0,-48.44254,0.84432226,0.0,0.0,0.0,0.2633332,0.0,1.0,0.0,0.0,0.0,0.0,0.0,0.0,0.4268388,0.39850345,0.4161464,0.8261412,2.2413225,0.16624214,0.16624214,0.0,0.0,0.0,0.0,71.0,0.8402575,5.0,0.99998987,0.31654334,0.71933645,-0.3167387,0.3632789,-0.4323526,0.31296954
49,0.0,84.0,-54.567505,0.5294383,0.0,0.0,0.0,0.2483174,0.0,1.0,0.0,0.0,0.0,0.0,0.0,0.0,0.1282252,0.3189375,0.82967395,13.288534,6.175136,0.073661625,3.2582317e-15,0.0,0.0,0.0,0.0,77.0,0.95141375,8.0,0.99999624,0.31973267,0.14522697,-0.30008426,0.15730157,-0.52707314,0.29443032
50,0.0,84.0,-83.97651,0.7869136,0.0,0.0,0.0,0.14345679,0.0,1.0,0.0,0.0,0.0,0.0,0.0,0.0,0.10418756,0.63345677,1.1257688,0.0,3.2521245,0.067699485,0.067699485,0.0,0.0,0.0,0.0,70.0,0.90461653,6.0,0.6580362,-0.037477955,0.21675567,-0.5,0.6111111,-0.6666667,0.93209875
51,0.0,84.0,-88.40389,0.6204452,0.0,0.0,0.0,0.048003733,0.0,1.0,0.0,0.0,0.0,0.0,0.0,0.0,0.03150816,0.5194716,0.8317127,0.0013051896,1.4905193,1.6261906e-08,3.1725813e-09,0.0,0.0,0.0,0.0,54.0,0.0,7.0,0.017882977,-0.037846483,0.036603365,-0.4739924,0.24659035,-0.6183216,0.39195988
52,0.0,84.0,-84.488945,1.0384971,0.0,0.0,0.0,0.18198556,0.0,1.0,0.0,0.0,0.0,0.0,0.0,0.0,0.21911547,0.6599124,0.90454537,0.030853523,2.5268917,0.09949817,0.09949817,0.0,0.0,0.0,0.0,67.0,0.0,11.0,0.4023772,0.1100663,0.57522696,-0.53002983,0.8326454,-0.64647037,0.94726384
53,0.0,84.0,-53.803757,0.4468052,0.0,0.0,0.0,0.0035484529,0.0,1.0,0.0,0.0,0.0,0.0,0.0,0.0,0.1397536,0.31850642,0.12212907,16.834553,0.010073214,0.17401445,0.17401445,0.0,0.0,0.0,0.0,77.0,0.9513044,4.0,0.99888873,0.3156507,0.13152221,-0.25,0.18375,-0.13147835,0.12285938
54,0.0,84.0,-83.665245,0.42397282,0.0,0.0,0.0,0.004184215,0.0,1.0,0.0,0.0,0.0,0.0,0.0,0.0,0.00082518416,0.49456292,1.0340616,0.006037925,0.0034267243,1.4901163e-08,1.4499572e-08,0.0,0.0,0.0,0.0,70.0,0.0,8.0,0.9997707,-0.019182777,0.020438569,-0.5,0.27732334,-0.6637807,0.4936132
55,0.0,84.0,3.338502,1.5407795,0.0,0.0,0.0,0.52891505,0.0,1.0,0.0,0.0,0.0,0.0,0.0,0.0,0.8805552,0.097990535,0.57507646,0.578068,0.050775256,0.9551508,0.04406578,0.0,0.0,0.0,0.0,54.0,0.52317876,3.0,0.97715527,0.91926146,3.90373,0.010096448,0.18293987,-0.4282394,0.44402748
56,0.0,84.0,-104.13342,0.89036477,0.0,0.0,0.0,0.1718691,0.0,1.0,0.0,0.0,0.0,0.0,0.0,0.0,0.46304578,0.82233816,0.9515588,1.4528292,1.008979,0.17345043,0.17345043,0.0,0.0,0.0,0.0,70.0,0.8276389,9.0,0.99999243,0.023330553,0.8066475,-0.76437116,1.5158762,-0.8058017,1.6403995
57,0.0,84.0,-21.37474,1.0509477,0.0,0.0,0.0,0.43296972,0.0,1.0,0.0,0.0,0.0,0.0,0.0,0.0,0.5957987,0.57509965,1.027373,3.014978,0.3980466,0.175182,0.175182,0.0,0.0,0.0,0.0,68.0,0.7131668,9.0,0.9376003,0.6467248,1.9903682,-0.3820134,0.47328904,-0.5806175,0.74644977
58,0.0,84.0,-70.2898,0.7032431,0.0,0.0,0.0,0.20708911,0.0,1.0,0.0,0.0,0.0,0.0,0.0,0.0,0.4666746,0.8380169,1.059335,6.177316,3.5349329,0.16093652,0.16093652,0.0,0.0,0.0,0.0,76.0,0.845391,5.0,0.8642857,0.22906648,0.5619034,-0.44554108,0.9009885,-0.48028073,0.8908922
59,0.0,84.0,-58.954975,1.0096111,0.0,0.0,0.0,0.33131066,0.0,1.0,0.0,0.0,0.0,0.0,0.0,0.0,0.2622711,0.47823334,0.8642981,3.0628738,3.0029354,0.119978584,0.119978584,0.0,0.0,0.0,0.0,69.0,0.8368811,7.0,0.97506857,0.3012812,0.78071153,-0.462561,0.5307605,-0.6373722,0.7513271
60,0.0,84.0,-94.06547,0.7495544,0.0,0.0,0.0,0.035864197,0.0,1.0,0.0,0.0,0.0,0.0,0.0,0.0,0.065021485,0.12580699,0.22468248,0.0,0.20325778,0.13191162,0.13191162,0.0,0.0,0.0,0.0,70.0,0.93886477,7.0,0.7418546,-0.018959435,0.13399933,-0.20154405,0.17892632,-0.33474365,0.30149946
61,0.0,84.0,-83.894264,0.7614204,0.0,0.0,0.0,0.17682907,0.0,1.0,0.0,0.0,0.0,0.0,0.0,0.0,0.27153948,0.89559394,1.3677317,0.003966369,5.5426884,1.4901255e-08,1.1037057e-09,0.0,0.0,0.0,0.0,66.0,0.0,8.0,0.16303676,-0.04094412,0.3495497,-0.5,0.90555555,-0.6666667,1.5137037
62,0.0,84.0,-9.691356,1.1800338,0.0,0.0,0.0,0.5913857,0.0,1.0,0.0,0.0,0.0,0.0,0.0,0.0,0.909053,0.6993794,1.094111,0.13468099,0.42105946,0.21516955,0.19239277,0.0,0.0,0.0,0.0,62.0,0.619447,13.0,0.92060333,0.71552896,3.0092316,-0.43543842,0.7131183,-0.52236,0.7420954
63,0.7577128,84.0,-23.826382,1.1250472,0.0,0.0,0.0,0.4985222,0.0,1.0,0.0,0.0,0.0,0.0,0.0,0.0,0.54606444,0.52631605,1.1247215,0.34264585,0.15931912,0.17199333,0.17199333,0.0,0.0,0.0,0.0,67.0,0.709729,34.0,0.9275114,0.6211016,2.180782,-0.505237,0.59271425,-0.6435671,0.7350659
64,0.0,84.0,-83.19382,0.28595185,0.0,0.0,0.0,0.105,0.0,1.0,0.0,0.0,0.0,0.0,0.0,0.0,0.0008194426,0.4913889,1.0471882,0.0,8.82,1.4901193e-08,7.8667926e-11,0.0,0.0,0.0,0.0,78.0,0.9927801,2.0,0.0010510826,-0.012191623,0.0007855576,-0.5,0.25,-0.6666667,0.4722222
65,0.0,84.0,-86.6586,0.50115466,0.0,0.0,0.0,0.010576456,0.0,1.0,0.0,0.0,0.0,0.0,0.0,0.0,0.08995913,0.14404272,0.23504297,0.0,0.08948914,0.17907529,0.17907529,0.0,0.0,0.0,0.0,78.0,0.9663012,3.0,0.98931557,-0.0050855293,0.090025015,-0.09193411,0.15831529,-0.26872215,0.31729427
66,0.0,84.0,-71.89134,0.48075223,0.0,0.0,0.0,0.16906025,0.0,1.0,0.0,0.0,0.0,0.0,0.0,0.0,0.2870476,0.5328645,1.0615387,0.19125304,3.0497465,0.18338187,0.0,0.0,0.0,0.0,0.0,67.0,0.8915507,8.0,0.29855523,0.24391915,0.31083518,-0.5,0.645,-0.6333333,0.87277776
67,0.0,84.0,-45.81064,0.43464524,0.0,0.0,0.0,0.27521053,0.0,1.0,0.0,0.0,0.0,0.0,0.0,0.0,0.34834686,0.3969143,0.7828553,1.4086299,6.2430487,1.4901161e-08,2.8952554e-12,0.0,0.0,0.0,0.0,73.0,0.9175375,4.0,0.99155563,0.41015038,0.23052928,-0.125,0.2734375,-0.3888889,0.4675926
68,0.0,84.0,-5.225959,0.9678347,0.0,0.0,0.0,0.32345885,0.0,1.0,0.0,0.0,0.0,0.0,0.0,0.0,0.8999265,0.2012464,0.61179274,0.64854836,0.12569003,0.4767712,0.08221006,0.0,0.0,0.0,0.0,67.0,0.6171739,13.0,0.9951474,0.8807625,2.604941,-0.25035614,0.44462034,-0.54171443,0.94211
69,0.0,84.0,-94.56916,0.958945,0.0,0.0,0.0,0.15424779,0.0,1.0,0.0,0.0,0.0,0.0,0.0,0.0,0.2557851,0.43807033,0.6880479,0.0031686341,1.4697728,0.10484195,0.10484195,0.0,0.0,0.0,0.0,65.0,0.86599165,9.0,0.971011,-0.03603034,0.40333733,-0.46330065,0.70322484,-0.70691407,1.0318353
70,0.0,84.0,-87.62653,0.7647404,0.0,0.0,0.0,0.08700047,0.0,1.0,0.0,0.0,0.0,0.0,0.0,0.0,0.043502927,0.83091,0.539706,0.0050431984,1.0165113,0.100336134,0.100336134,0.0,0.0,0.0,0.0,72.0,0.0,8.0,0.99597317,-0.035513736,0.29320654,-0.5316456,0.78260696,-0.54652023,0.9669705
71,0.0,84.0,-83.19382,0.28595185,0.0,0.0,0.0,0.105,0.0,1.0,0.0,0.0,0.0,0.0,0.0,0.0,0.0008194426,0.4913889,1.0471882,0.0,8.82,1.4901193e-08,7.8667926e-11,0.0,0.0,0.0,0.0,78.0,0.9927801,2.0,0.0010510826,-0.012191623,0.0007855576,-0.5,0.25,-0.6666667,0.4722222
72,0.0,84.0,-92.15342,0.95600814,0.0,0.0,0.0,0.07201827,0.0,1.0,0.0,0.0,0.0,0.0,0.0,0.0,0.039198186,0.5461328,0.32619825,0.013315397,0.10676042,0.0824091,0.0824091,0.0,0.0,0.0,0.0,65.0,0.93893737,22.0,0.8923578,-0.014588317,0.14308512,-0.5713263,0.3697133,-0.53011763,0.33537152
73,0.0,84.0,-18.831865,1.0849161,0.0,0.0,0.0,0.47043628,0.0,1.0,0.0,0.0,0.0,0.0,0.0,0.0,0.74170065,0.702128,1.4541005,1.457189,0.38937697,0.23931809,0.11282755,0.0,0.0,0.0,0.0,67.0,0.65707767,17.0,0.83774036,0.6784811,2.5260444,-0.5656416,0.62333953,-0.70993364,0.8831298
74,0.0,84.0,-58.59394,0.688444,0.0,0.0,0.0,0.061918296,0.0,1.0,0.0,0.0,0.0,0.0,0.0,0.0,0.17895962,0.5744669,0.659562,0.61188376,0.60584694,0.19335873,0.19335873,0.0,0.0,0.0,0.0,76.0,0.0,5.0,0.95197254,0.2623488,0.28109384,-0.5589974,0.8211954,-0.6660697,1.1496606
75,0.0,84.0,-80.76881,0.63454825,0.0,0.0,0.0,0.059452854,0.0,1.0,0.0,0.0,0.0,0.0,0.0,0.0,0.20063789,0.6323609,1.084063,0.11277934,0.45038465,0.124431826,0.124431826,0.0,0.0,0.0,0.0,76.0,0.9302755,8.0,0.9999993,0.101981685,0.21779351,-0.4869707,0.54367423,-0.6530262,0.8864255
76,0.0,84.0,-83.57047,1.1666563,0.0,0.0,0.0,0.29151404,0.0,1.0,0.0,0.0,0.0,0.0,0.0,0.0,0.5573418,0.76940346,1.0734475,2.7539737,1.3722801,0.123798914,0.123798914,0.0,0.0,0.0,0.0,68.0,0.8079784,11.0,0.9688781,0.10299426,0.8332504,-0.5964091,1.3215641,-0.73983216,1.5162388
77,0.0,84.0,-41.866234,1.2910131,0.0,0.0,0.0,0.5409017,0.0,1.0,0.0,0.0,0.0,0.0,0.0,0.0,0.5542039,0.70855767,1.4238269,3.9303298,0.72836596,0.15219174,0.10240308,0.0,0.0,0.0,0.0,66.0,0.71955657,27.0,0.4719682,0.4802006,2.0045788,-0.60995394,0.62401026,-0.7314892,0.8892209
78,0.0,84.0,-47.254375,0.62932175,0.0,0.0,0.0,0.6291492,0.0,1.0,0.0,0.0,0.0,0.0,0.0,0.0,0.71162945,0.63893455,1.2005159,0.46650204,2.110207,0.429978,1.553553e-12,0.0,0.0,0.0,0.0,71.0,0.7739515,8.0,0.9324327,0.47304657,1.022128,-0.7058824,1.099481,-0.87068963,1.5328478
79,0.0,84.0,-83.526085,0.539019,0.0,0.0,0.0,0.038082354,0.0,1.0,0.0,0.0,0.0,0.0,0.0,0.0,0.17171659,0.55338067,0.38012123,4.8274684,0.38925207,0.15231706,0.15231706,0.0,0.0,0.0,0.0,70.0,0.9375779,8.0,0.9999571,0.09174962,0.17361893,-0.46770334,0.48413783,-0.36500394,0.38111398
80,0.0,84.0,-62.255512,0.95247793,0.0,0.0,0.0,0.48621437,0.0,1.0,0.0,0.0,0.0,0.0,0.0,0.0,0.592299,0.6798923,1.1712215,1.0420045,2.0140204,0.24994664,0.0,0.0,0.0,0.0,0.0,66.0,0.7572189,13.0,0.73233235,0.34491935,1.3072208,-0.752159,1.4751272,-0.8805879,2.0300643
81,0.0,84.0,-66.075516,0.8089495,0.0,0.0,0.0,0.10823952,0.0,1.0,0.0,0.0,0.0,0.0,0.0,0.0,0.056939032,0.33696952,0.8811372,2.4823487,2.7922966,0.11234724,0.11234724,0.0,0.0,0.0,0.0,73.0,0.8982015,9.0,0.99992496,0.15625906,0.3264632,-0.39192423,0.3176393,-0.6095863,0.49812815
82,0.0,84.0,-1.9395521,1.1135225,0.0,0.0,0.0,0.43995562,0.0,1.0,0.0,0.0,0.0,0.0,0.0,0.0,0.7324169,0.36891353,0.8062949,0.68612754,0.28040698,0.2156484,0.2156484,0.0,0.0,0.0,0.0,66.0,0.6347964,11.0,0.8555755,0.79360604,2.7887998,-0.4000796,0.35845256,-0.62456906,0.643273
83,0.0,84.0,-29.876219,1.2238264,0.0,0.0,0.0,0.45667043,0.0,1.0,0.0,0.0,0.0,0.0,0.0,0.0,0.57824904,0.49958915,1.149918,1.4903076,0.6394782,0.1662784,0.09028443,0.0,0.0,0.0,0.0,67.0,0.0,7.0,0.4901404,0.60515875,2.0915215,-0.39427844,0.6271283,-0.5836313,0.95310986
84,0.0,84.0,-76.95297,0.8564436,0.0,0.0,0.0,0.13482364,0.0,1.0,0.0,0.0,0.0,0.0,0.0,0.0,0.20083942,0.30432418,0.3859406,0.1660935,2.075367,0.1235526,0.1235526,0.0,0.0,0.0,0.0,72.0,0.0,5.0,0.995351,0.026756248,0.25809747,-0.31155482,0.34399423,-0.55316496,0.50282705
85,0.0,84.0,-24.714602,0.9746557,0.0,0.0,0.0,0.36622992,0.0,1.0,0.0,0.0,0.0,0.0,0.0,0.0,0.6467213,0.55027103,0.9727921,5.626558,1.4246521,0.20005797,0.20005797,0.0,0.0,0.0,0.0,70.0,0.0,13.0,0.89948994,0.5645013,1.7285492,-0.7080166,0.8766898,-0.8360208,1.233991
86,0.0,84.0,-59.51392,0.722244,0.0,0.0,0.0,0.19856963,0.0,1.0,0.0,0.0,0.0,0.0,0.0,0.0,0.19220215,0.4037502,1.0250822,2.4278712,1.2307944,0.10657057,0.10657057,0.0,0.0,0.0,0.0,70.0,0.8988651,6.0,0.8657199,0.3081073,0.39077762,-0.46153846,0.6286982,-0.68421054,1.1963296
87,0.0,84.0,-97.42337,0.6443777,0.0,0.0,0.0,0.021379177,0.0,1.0,0.0,0.0,0.0,0.0,0.0,0.0,0.101151004,0.6002397,0.41365382,0.21525426,0.03417995,0.13495935,0.13495935,0.0,0.0,0.0,0.0,66.0,0.9517618,10.0,0.9901596,-0.0010902876,0.14080372,-0.6363636,0.5217996,-0.5833735,0.44804326
88,0.0,84.0,-95.76408,0.83408266,0.0,0.0,0.0,0.07263388,0.0,1.0,0.0,0.0,0.0,0.0,0.0,0.0,0.39518514,0.57105523,0.6382678,0.7063897,0.40167153,0.20078258,0.20078258,0.0,0.0,0.0,0.0,76.0,0.8636898,11.0,0.9999898,0.051309872,0.5370422,-0.6361485,0.77983147,-0.6518615,0.74004215
89,0.0,84.0,-5.434928,0.9684052,0.0,0.0,0.0,0.21566935,0.0,1.0,0.0,0.0,0.0,0.0,0.0,0.0,0.8314045,0.35957593,0.77788466,0.91344494,0.13820815,0.4101776,0.13859406,0.0,0.0,0.0,0.0,65.0,0.67323714,13.0,0.9939013,0.8308692,2.0433476,-0.38816702,0.6237072,-0.6784753,1.7497959
90,0.0,84.0,-14.118287,1.1054393,0.0,0.0,0.0,0.48071414,0.0,1.0,0.0,0.0,0.0,0.0,0.0,0.0,0.8142653,0.47190386,0.9617723,3.0303924,0.45329407,0.17084087,0.17084087,0.0,0.0,0.0,0.0,64.0,0.6463426,15.0,0.9543581,0.7609379,2.4863844,-0.5177189,0.5717751,-0.7409769,1.0259726
91,0.0,84.0,-39.625927,1.1846883,0.0,0.0,0.0,0.45025805,0.0,1.0,0.0,0.0,0.0,0.0,0.0,0.0,0.6740343,0.8878535,1.4463404,0.16421853,0.3227785,0.16632578,0.16632578,0.0,0.0,0.0,0.0,65.0,0.73703164,15.0,0.9553451,0.48473352,1.8201846,-0.69455755,1.0141598,-0.808634,1.4720091
92,0.0,84.0,-16.777071,1.3203616,0.0,0.0,0.0,0.42584914,0.0,1.0,0.0,0.0,0.0,0.0,0.0,0.0,0.66111195,0.31892067,0.2540878,0.16833016,0.30735958,0.15956996,0.15956996,0.0,0.0,0.0,0.0,59.0,0.72392863,13.0,0.9548922,0.5222809,1.9660791,-0.38312548,0.25999653,-0.44211292,0.26658183
93,0.0,84.0,-39.805294,1.1587042,0.0,0.0,0.0,0.33660883,0.0,1.0,0.0,0.0,0.0,0.0,0.0,0.0,0.45229033,0.36587262,0.33761212,6.022559,0.11371082,0.1516923,0.1516923,0.0,0.0,0.0,0.0,67.0,0.77021986,8.0,0.94460726,0.51533,1.5902733,-0.49282062,0.4193144,-0.5031343,0.48796928
94,0.0,84.0,-81.499626,1.198204,0.0,0.0,0.0,0.24427223,0.0,1.0,0.0,0.0,0.0,0.0,0.0,0.0,0.3660399,0.5746982,0.9812051,5.066815,0.15763812,0.103557244,0.103557244,0.0,0.0,0.0,0.0,64.0,0.80720127,8.0,0.9468917,0.20470233,0.96817946,-0.7189454,1.0313,-0.7899029,1.174589
95,0.0,84.0,-17.925245,1.416928,0.0,0.0,0.0,0.31047323,0.0,1.0,0.0,0.0,0.0,0.0,0.0,0.0,0.61907166,0.2821763,0.61264485,0.061149586,0.08490208,0.37054795,5.092413e-11,0.0,0.0,0.0,0.0,43.0,0.71931434,21.0,0.6101235,0.7258042,1.8014063,-0.43641713,0.41093057,-0.68121076,0.8773078
96,0.0,84.0,-87.32292,0.84180754,0.0,0.0,0.0,0.17773563,0.0,1.0,0.0,0.0,0.0,0.0,0.0,0.0,0.26458573,0.6840698,0.39606556,1.2252654,0.23847087,0.1425787,0.1425787,0.0,0.0,0.0,0.0,73.0,0.8999713,10.0,0.99974674,0.08321621,0.41690516,-0.49569303,0.6091437,-0.37429544,0.5268911
97,0.0,84.0,-42.009743,1.069533,0.0,0.0,0.0,0.34375525,0.0,1.0,0.0,0.0,0.0,0.0,0.0,0.0,0.5433275,0.8190274,1.0130572,0.7924372,0.6620511,0.1911277,0.1911277,0.0,0.0,0.0,0.0,65.0,0.7721602,13.0,0.74917173,0.46929866,1.594399,-0.79300994,1.0972233,-0.8431616,1.4026309
98,0.0,84.0,-47.651913,0.7224638,0.0,0.0,0.0,0.2131763,0.0,1.0,0.0,0.0,0.0,0.0,0.0,0.0,0.38548714,0.46352005,0.50184715,3.4995296,2.654563,0.15274781,0.101204745,0.0,0.0,0.0,0.0,76.0,0.8596636,6.0,0.5602196,0.418693,0.56932503,-0.26439792,0.4152093,-0.3332189,0.5740642
99,0.0,84.0,-6.682891,1.0818125,0.0,0.0,0.0,0.43161297,0.0,1.0,0.0,0.0,0.0,0.0,0.0,0.0,0.8779802,0.69119793,1.0542698,2.832039,0.4641346,0.21721862,0.21721862,0.0,0.0,0.0,0.0,65.0,0.6526314,19.0,0.891303,0.73982173,2.57031,-0.28396437,0.8289065,-0.39419988,0.6442178
100,0.0,84.0,-84.30312,0.95020616,0.0,0.0,0.0,0.24918582,0.0,1.0,0.0,0.0,0.0,0.0,0.0,0.0,0.3141369,0.6653049,0.4217617,1.2453523,0.3869892,0.14081278,0.14081278,0.0,0.0,0.0,0.0,72.0,0.8785246,8.0,0.9998057,0.13993473,0.561528,-0.53344065,0.527032,-0.44556728,0.416764
101,0.0,84.0,-8.963056,1.3144063,0.0,0.0,0.0,0.6609433,0.0,1.0,0.0,0.0,0.0,0.0,0.0,0.0,0.91500664,0.47255498,0.97685003,1.4963053,0.21118607,0.41049004,0.0,0.0,0.0,0.0,0.0,36.0,0.59026986,13.0,0.91889596,0.8403146,3.3585129,-0.28346255,0.6967709,-0.5373193,1.3449321
102,0.0,84.0,-59.262184,1.0327976,0.0,0.0,0.0,0.39759678,0.0,1.0,0.0,0.0,0.0,0.0,0.0,0.0,0.38158193,0.6637642,1.2593576,1.7985703,2.229233,0.18551907,8.0459456e-14,0.0,0.0,0.0,0.0,66.0,0.0,9.0,0.12853111,0.35120967,1.1102498,-0.58547133,0.84761435,-0.71453637,1.1868163
103,0.0,84.0,-85.15778,0.9338541,0.0,0.0,0.0,0.13027267,0.0,1.0,0.0,0.0,0.0,0.0,0.0,0.0,0.19953232,0.6659202,0.9945784,0.4781796,3.5734255,0.112857305,0.112857305,0.0,0.0,0.0,0.0,70.0,0.0,9.0,0.9997876,0.014073159,0.33587334,-0.48701787,0.67987156,-0.66052103,1.1898266
104,0.0,84.0,-17.953363,0.5495538,0.0,0.0,0.0,0.015297265,0.0,1.0,0.0,0.0,0.0,0.0,0.0,0.0,0.024522014,0.003054227,0.19717473,3.6773524,0.15136142,0.88809305,0.0,0.0,0.0,0.0,0.0,67.0,0.9480561,5.0,0.07665154,0.15181756,0.05083955,-0.039847113,0.071020655,-0.4283686,0.4031932
105,0.0,84.0,-1.7676898,0.87968594,0.0,0.0,0.0,0.20664126,0.0,1.0,0.0,0.0,0.0,0.0,0.0,0.0,0.97806984,0.31843045,0.6486859,2.3497925,0.08264478,1.0,0.0,0.0,0.0,0.0,0.0,66.0,0.63839054,7.0,0.99274707,0.88391405,2.19855,0.011212662,0.29403943,-0.39269832,0.8937404
106,0.0,84.0,-22.960808,1.3322766,0.0,0.0,0.0,0.49075222,0.0,1.0,0.0,0.0,0.0,0.0,0.0,0.0,0.6090059,0.3161645,0.8831523,1.3977932,0.4877765,0.13005552,0.13005552,0.0,0.0,0.0,0.0,58.0,0.6617033,7.0,0.17232558,0.677523,2.3897936,-0.4936744,0.35288644,-0.686403,0.6449943
107,0.0,84.0,-49.086178,1.4514058,0.0,0.0,0.0,0.46061218,0.0,1.0,0.0,0.0,0.0,0.0,0.0,0.0,0.28444973,0.35557547,0.7706858,3.061741,0.94804937,0.08707374,0.08707374,0.0,0.0,0.0,0.0,48.0,0.797088,9.0,0.02198522,0.38154426,0.98055613,-0.4720129,0.30305767,-0.63776344,0.4860583
108,0.0,84.0,-61.31139,0.9924903,0.0,0.0,0.0,0.11798794,0.0,1.0,0.0,0.0,0.0,0.0,0.0,0.0,0.20044412,0.25134304,0.3260755,0.27474242,0.45288214,0.16891272,0.16891272,0.0,0.0,0.0,0.0,67.0,0.89166623,13.0,0.98761046,0.12323893,0.48469362,-0.31446585,0.37797293,-0.4214479,0.35669345
109,0.0,84.0,-83.609856,0.61813354,0.0,0.0,0.0,0.022504373,0.0,1.0,0.0,0.0,0.0,0.0,0.0,0.0,0.14451644,0.66663784,1.2377262,0.0024825777,0.32758307,0.06050216,0.06050216,0.0,0.0,0.0,0.0,65.0,0.0,6.0,0.94998485,-0.028911564,0.1463919,-0.5,0.46995464,-0.6666667,0.7798564
110,0.0,84.0,0.11136394,0.70409024,0.0,0.0,0.0,0.09431363,0.0,1.0,0.0,0.0,0.0,0.0,0.0,0.0,0.9317878,0.014294909,0.35628402,6.4129252,0.06220151,1.0,4.1371118e-10,0.0,0.0,0.0,0.0,72.0,0.6844196,11.0,0.9997565,0.8577008,1.6426797,0.010798217,0.13407767,-0.5067694,0.6172224
111,0.0,84.0,-29.142645,1.3446822,0.0,0.0,0.0,0.40415475,0.0,1.0,0.0,0.0,0.0,0.0,0.0,0.0,0.729357,0.612526,0.9070992,0.12654686,0.80641985,0.12566316,0.12566316,0.0,0.0,0.0,0.0,57.0,0.70862395,19.0,0.46785912,0.61093295,1.974201,-0.35909343,0.88870156,-0.49029067,1.1108197
112,0.0,84.0,-95.6704,0.48702252,0.0,0.0,0.0,0.03877642,0.0,1.0,0.0,0.0,0.0,0.0,0.0,0.0,0.07093385,0.5276641,1.10354,0.0026338662,0.2376076,0.06669699,0.06669699,0.0,0.0,0.0,0.0,70.0,0.95314044,6.0,0.98979044,-0.028139733,0.14649822,-0.6363636,0.61570245,-0.7777778,0.9346065
113,0.0,84.0,-2.348335,1.1687344,0.0,0.0,0.0,0.39811462,0.0,1.0,0.0,0.0,0.0,0.0,0.0,0.0,0.88469344,0.4536893,1.0160733,0.24740021,0.18672365,0.22316256,0.22316256,0.0,0.0,0.0,0.0,63.0,0.60066277,7.0,0.96419823,0.8519268,3.072272,-0.48689902,0.69173306,-0.7100738,1.2740437
114,0.0,84.0,-42.11298,1.3352455,0.0,0.0,0.0,0.47660744,0.0,1.0,0.0,0.0,0.0,0.0,0.0,0.0,0.7834576,0.71768165,1.3493041,1.4431322,0.99167967,0.16556323,0.067098804,0.0,0.0,0.0,0.0,63.0,0.6669517,9.0,0.51851857,0.5023479,2.085373,-0.79237366,1.4627322,-0.8800444,1.8334237
115,0.0,84.0,-6.9203367,1.3199888,0.0,0.0,0.0,0.5770855,0.0,1.0,0.0,0.0,0.0,0.0,0.0,0.0,0.76501244,0.54264855,1.2543712,1.3172616,0.120306894,0.1897677,0.1897677,0.0,0.0,0.0,0.0,62.0,0.6031224,9.0,0.79136425,0.76991504,3.4865324,-0.55422103,0.45872402,-0.71218485,0.7800649
116,0.0,84.0,-26.224482,0.9418204,0.0,0.0,0.0,0.20686837,0.0,1.0,0.0,0.0,0.0,0.0,0.0,0.0,0.34859502,0.21730937,0.8088339,9.424835,0.9648064,0.15811364,0.15811364,0.0,0.0,0.0,0.0,70.0,0.8393324,13.0,0.7917436,0.5052962,0.79334044,-0.24160573,0.19995618,-0.5390399,0.51108646
117,0.0,84.0,-68.18949,1.0950265,0.0,0.0,0.0,0.24292684,0.0,1.0,0.0,0.0,0.0,0.0,0.0,0.0,0.26095653,0.87819153,1.2760925,0.7944436,0.977277,0.117630646,0.117630646,0.0,0.0,0.0,0.0,67.0,0.8208782,11.0,0.8273608,0.26495355,0.86522675,-0.49055105,0.8288946,-0.5986842,0.8966088
118,0.0,84.0,-103.796364,0.8485731,0.0,0.0,0.0,0.116640195,0.0,1.0,0.0,0.0,0.0,0.0,0.0,0.0,0.16265996,0.3103657,0.5800062,0.002993988,1.3493174,0.14319962,0.14319962,0.0,0.0,0.0,0.0,72.0,0.0,15.0,0.7783264,-0.030508567,0.3563284,-0.52598435,0.5391081,-0.7386032,0.9824651
119,0.0,84.0,-59.8024,0.6780886,0.0,0.0,0.0,0.115688816,0.0,1.0,0.0,0.0,0.0,0.0,0.0,0.0,0.22136694,0.54326206,1.0463631,4.3273034,2.3724437,0.07844447,0.07844447,0.0,0.0,0.0,0.0,66.0,0.9100004,6.0,0.99114865,0.22800417,0.28115448,-0.32352942,0.41608995,-0.5555556,0.6372839
120,0.0,84.0,-58.056187,0.6001478,0.0,0.0,0.0,0.0685524,0.0,1.0,0.0,0.0,0.0,0.0,0.0,0.0,0.10895735,0.34179515,0.8526331,1.2116306,0.7001724,0.0657376,0.0657376,0.0,0.0,0.0,0.0,66.0,0.91699356,6.0,0.658605,0.25346783,0.17660074,-0.3,0.29,-0.53846157,0.4822485
121,0.0,84.0,-49.6704,0.7987311,0.0,0.0,0.0,0.05825197,0.0,1.0,0.0,0.0,0.0,0.0,0.0,0.0,0.20135474,0.5194248,0.7969443,1.0934904,0.19724597,0.2392138,0.2392138,0.0,0.0,0.0,0.0,69.0,0.91732055,11.0,0.99675,0.32966062,0.3639168,-0.6694662,0.9686793,-0.77137697,1.2480786
122,0.0,84.0,-50.99878,0.72929645,0.0,0.0,0.0,0.1478721,0.0,1.0,0.0,0.0,0.0,0.0,0.0,0.0,0.3965464,0.5167313,1.02007,3.3235621,0.50452137,0.15826716,0.15826716,0.0,0.0,0.0,0.0,68.0,0.84639335,9.0,0.9966772,0.42705858,0.6833923,-0.62286663,0.72447866,-0.7878307,1.03491
123,0.0,84.0,-15.109605,1.0565923,0.0,0.0,0.0,0.6560006,0.0,1.0,0.0,0.0,0.0,0.0,0.0,0.0,0.69217056,0.1980688,0.7768839,2.3790195,0.31320664,0.3680436,0.0,0.0,0.0,0.0,0.0,68.0,0.63402385,11.0,0.9781136,0.77010256,2.7674963,-0.36756784,0.20520875,-0.6605695,0.57557225
124,0.0,84.0,-57.070232,0.8112207,0.0,0.0,0.0,0.19605687,0.0,1.0,0.0,0.0,0.0,0.0,0.0,0.0,0.5546434,0.66899383,0.8481926,3.4854367,1.0196899,0.17837723,0.17837723,0.0,0.0,0.0,0.0,73.0,0.8098812,5.0,0.99829483,0.37270775,0.94318223,-0.7005342,1.407472,-0.87333375,2.3525944
125,0.0,84.0,-33.109413,0.78899825,0.0,0.0,0.0,0.41962388,0.0,1.0,0.0,0.0,0.0,0.0,0.0,0.0,0.45548502,0.42398322,0.79908395,2.5851765,2.5742435,0.2677632,0.0,0.0,0.0,0.0,0.0,71.0,0.81534266,5.0,0.99217016,0.5728806,1.012459,-0.3097168,0.48689735,-0.48538804,0.70277333
126,0.0,84.0,-78.470314,0.787231,0.0,0.0,0.0,0.043677308,0.0,1.0,0.0,0.0,0.0,0.0,0.0,0.0,0.26063284,0.36435094,0.4214543,0.10753235,0.14265965,0.13534322,0.13534322,0.0,0.0,0.0,0.0,69.0,0.88662714,9.0,0.9504911,0.114306785,0.3132788,-0.424696,0.39239663,-0.5155621,0.48717543
127,0.0,84.0,-98.68919,0.73305964,0.0,0.0,0.0,0.20907196,0.0,1.0,0.0,0.0,0.0,0.0,0.0,0.0,0.30966163,0.8547265,1.4265063,0.013482101,3.1296308,1.613666e-08,9.34382e-11,0.0,0.0,0.0,0.0,62.0,0.8794295,12.0,0.31087786,-0.025974026,0.3682022,-0.62068963,0.90160525,-0.7340425,1.2070224
128,0.0,84.0,-10.587881,0.9794458,0.0,0.0,0.0,0.33096233,0.0,1.0,0.0,0.0,0.0,0.0,0.0,0.0,0.7553937,0.22961809,0.7174137,1.0753735,0.20519637,0.21970011,0.21970011,0.0,0.0,0.0,0.0,68.0,0.65694696,7.0,0.99650836,0.8151954,2.3287919,-0.42557412,0.30539614,-0.7148586,0.8884137
129,0.0,84.0,-95.43966,0.6515285,0.0,0.0,0.0,0.19029394,0.0,1.0,0.0,0.0,0.0,0.0,0.0,0.0,0.1730179,0.6957747,1.3255476,0.00964514,5.873278,1.4901161e-08,9.79846e-10,0.0,0.0,0.0,0.0,67.0,0.9270852,10.0,0.9863334,-0.040075436,0.23619689,-0.625,0.781875,-0.7692308,1.2057989
130,0.0,84.0,-69.75009,0.92654425,0.0,0.0,0.0,0.19047156,0.0,1.0,0.0,0.0,0.0,0.0,0.0,0.0,0.32305798,0.83046377,1.3341614,2.2040582,2.7672262,0.17204298,0.17204298,0.0,0.0,0.0,0.0,73.0,0.8670858,31.0,0.82449764,0.2643276,0.706578,-0.654897,0.4607194,-0.7356319,0.6281864
131,0.0,84.0,-94.75719,1.0573707,0.0,0.0,0.0,0.25553197,0.0,1.0,0.0,0.0,0.0,0.0,0.0,0.0,0.81187856,1.0612307,1.4373438,0.30531776,1.701644,0.13438812,0.13438812,0.0,0.0,0.0,0.0,63.0,0.7792987,15.0,0.43420288,0.1432121,1.0305684,-0.7957057,1.0070713,-0.8341453,1.0821515
132,0.0,84.0,-38.745525,1.1431152,0.0,0.0,0.0,0.5277511,0.0,1.0,0.0,0.0,0.0,0.0,0.0,0.0,0.52799076,0.51536894,1.0606844,0.7636637,1.3081551,0.21621032,7.45427e-15,0.0,0.0,0.0,0.0,63.0,0.7332741,5.0,0.3664566,0.49610558,1.4774365,-0.3656804,0.47426444,-0.5813966,0.80489063
133,0.0,84.0,-93.61051,0.60532004,0.0,0.0,0.0,0.2980506,0.0,1.0,0.0,0.0,0.0,0.0,0.0,0.0,0.2604483,0.8213122,1.3829373,0.0009963831,5.9310517,1.4901161e-08,1.2339685e-08,0.0,0.0,0.0,0.0,71.0,0.90732265,6.0,0.9728408,-0.034606867,0.27621397,-0.5,0.74382716,-0.5925926,0.98251027
134,0.0,84.0,-4.7647076,1.0837376,0.0,0.0,0.0,0.540247,0.0,1.0,0.0,0.0,0.0,0.0,0.0,0.0,0.84157085,0.23131531,0.7443343,0.5572717,0.25919703,0.549122,5.9034375e-14,0.0,0.0,0.0,0.0,55.0,0.6104634,11.0,0.8950225,0.84768605,2.8381069,-0.12215236,0.3162568,-0.36620608,0.3780086
135,0.0,84.0,-45.450714,1.1965307,0.0,0.0,0.0,0.30836225,0.0,1.0,0.0,0.0,0.0,0.0,0.0,0.0,0.3553341,0.41386244,0.87972677,1.6410924,1.933573,0.08919003,0.08919003,0.0,0.0,0.0,0.0,57.0,0.8113668,9.0,0.18589506,0.44220132,0.78293365,-0.36776412,0.34411383,-0.54999477,0.45659414
136,0.0,84.0,-67.40926,0.79955834,0.0,0.0,0.0,0.06016705,0.0,1.0,0.0,0.0,0.0,0.0,0.0,0.0,0.05140313,0.45857704,0.4227998,0.44238156,0.5198285,0.07929204,0.07929204,0.0,0.0,0.0,0.0,68.0,0.91071874,11.0,0.35562563,0.17477515,0.16779913,-0.45818466,0.36644927,-0.50937015,0.48221755
137,0.0,84.0,-51.25501,1.0738623,0.0,0.0,0.0,0.32649508,0.0,1.0,0.0,0.0,0.0,0.0,0.0,0.0,0.4768734,0.53489405,1.1179467,1.6854006,1.5240582,0.10997816,0.10997816,0.0,0.0,0.0,0.0,65.0,0.0,13.0,0.8292004,0.4324929,0.9319427,-0.634306,0.50355655,-0.7703599,0.7390577
138,0.0,84.0,-40.59364,0.41825545,0.0,0.0,0.0,0.5918573,0.0,1.0,0.0,0.0,0.0,0.0,0.0,0.0,0.39149395,0.36746323,0.9900004,2.9638119,2.1321926,0.29628402,2.875456e-13,0.0,0.0,0.0,0.0,41.0,0.757313,8.0,0.001987159,0.50607324,1.4152834,-0.44631398,0.21238281,-0.64090884,0.440333
139,0.0,84.0,-49.95978,0.76955235,0.0,0.0,0.0,0.10340764,0.0,1.0,0.0,0.0,0.0,0.0,0.0,0.0,0.30463812,0.5763681,0.9526186,3.6970322,1.8170749,0.20792833,0.20792833,0.0,0.0,0.0,0.0,70.0,0.0,7.0,0.9999913,0.37313485,0.5724637,-0.5790562,0.5140568,-0.73237985,0.77564085
