ts_id,COUNT(values),MAX(values.dim_0),MEAN(values.dim_0),MEDIAN(values.dim_0),MIN(values.dim_0),SKEW(values.dim_0),STD(values.dim_0),SUM(values.dim_0),MAX(values.AUTO_CORRELATION(dim_0) by ts_id),MAX(values.DERIVATIVE(dim_0) by ts_id),"MAX(values.DERIVATIVE(dim_0, order=2) by ts_id)",MAX(values.FOURRIER_TRANSFORM(dim_0) by ts_id),MAX(values.INTEGRAL(dim_0) by ts_id),"MAX(values.INTEGRAL(dim_0, order=2) by ts_id)",MEAN(values.AUTO_CORRELATION(dim_0) by ts_id),MEAN(values.DERIVATIVE(dim_0) by ts_id),"MEAN(values.DERIVATIVE(dim_0, order=2) by ts_id)",MEAN(values.FOURRIER_TRANSFORM(dim_0) by ts_id),MEAN(values.INTEGRAL(dim_0) by ts_id),"MEAN(values.INTEGRAL(dim_0, order=2) by ts_id)",MEDIAN(values.AUTO_CORRELATION(dim_0) by ts_id),MEDIAN(values.DERIVATIVE(dim_0) by ts_id),"MEDIAN(values.DERIVATIVE(dim_0, order=2) by ts_id)",MEDIAN(values.FOURRIER_TRANSFORM(dim_0) by ts_id),MEDIAN(values.INTEGRAL(dim_0) by ts_id),"MEDIAN(values.INTEGRAL(dim_0, order=2) by ts_id)",MIN(values.AUTO_CORRELATION(dim_0) by ts_id),MIN(values.DERIVATIVE(dim_0) by ts_id),"MIN(values.DERIVATIVE(dim_0, order=2) by ts_id)",MIN(values.FOURRIER_TRANSFORM(dim_0) by ts_id),MIN(values.INTEGRAL(dim_0) by ts_id),"MIN(values.INTEGRAL(dim_0, order=2) by ts_id)",SKEW(values.AUTO_CORRELATION(dim_0) by ts_id),SKEW(values.DERIVATIVE(dim_0) by ts_id),"SKEW(values.DERIVATIVE(dim_0, order=2) by ts_id)",SKEW(values.FOURRIER_TRANSFORM(dim_0) by ts_id),SKEW(values.INTEGRAL(dim_0) by ts_id),"SKEW(values.INTEGRAL(dim_0, order=2) by ts_id)",STD(values.AUTO_CORRELATION(dim_0) by ts_id),STD(values.DERIVATIVE(dim_0) by ts_id),"STD(values.DERIVATIVE(dim_0, order=2) by ts_id)",STD(values.FOURRIER_TRANSFORM(dim_0) by ts_id),STD(values.INTEGRAL(dim_0) by ts_id),"STD(values.INTEGRAL(dim_0, order=2) by ts_id)",SUM(values.AUTO_CORRELATION(dim_0) by ts_id),SUM(values.DERIVATIVE(dim_0) by ts_id),"SUM(values.DERIVATIVE(dim_0, order=2) by ts_id)",SUM(values.FOURRIER_TRANSFORM(dim_0) by ts_id),SUM(values.INTEGRAL(dim_0) by ts_id),"SUM(values.INTEGRAL(dim_0, order=2) by ts_id)"
0,84.0,12.0,0.5119048,0.0,0.0,4.49748,1.7320094,43.0,271.0,12.0,12.0,0.37685886,43.0,391.0,22.011906,0.14457831,0.14634146,0.03528743,4.654762,38.47619,3.0,0.0,0.0,0.000656949,0.0,0.0,0.0,-5.0,-10.0,0.0,0.0,0.0,3.7819445,2.2883224,0.31169963,2.860682,2.26367,2.589037,38.412315,2.0129611,2.9984438,0.060976308,9.355745,86.0859,1849.0,12.0,12.0,2.964144,391.0,3232.0
1,84.0,9.0,0.21428572,0.0,0.0,6.2577715,1.2521926,18.0,134.0,7.0,9.0,0.09139239,18.0,67.0,3.857143,0.0,0.0,0.018444283,0.79761904,1.9761904,0.0,0.0,0.0,1.7957877e-33,0.0,0.0,0.0,-9.0,-11.0,0.0,0.0,0.0,5.9432535,-2.072809,-0.08385894,1.4168503,4.606911,5.56865,17.59117,1.3159435,2.012308,0.02645571,3.4841456,9.639247,324.0,0.0,0.0,1.5493197,67.0,166.0
2,84.0,9.0,0.13095239,0.0,0.0,8.601488,1.0033649,11.0,85.0,9.0,11.0,0.03418308,11.0,70.0,1.4404762,0.0,0.0,0.0118423365,0.8333333,3.107143,0.0,0.0,0.0,0.0069444445,0.0,0.0,0.0,-9.0,-18.0,0.0,0.0,0.0,8.182704,0.0,-2.7678933,0.43635437,3.3286865,4.276418,9.630963,1.4398509,2.5962937,0.012942843,2.853167,12.105976,121.0,0.0,0.0,0.9947562,70.0,261.0
3,84.0,4.0,0.20238096,0.0,0.0,3.7615404,0.6903773,17.0,43.0,3.0,4.0,0.056260373,17.0,281.0,3.4404762,0.0,-0.0121951215,0.0056065083,3.3452382,35.97619,0.0,0.0,0.0,0.00019992047,0.0,0.0,0.0,-4.0,-7.0,0.0,0.0,0.0,3.542714,-0.398557,-1.6575909,2.6192114,1.2641482,2.0305307,6.206004,0.82639384,1.3378987,0.009899448,5.6022673,73.29278,289.0,0.0,-1.0,0.4709467,281.0,3022.0
4,84.0,4603.0,523.5357,0.0,0.0,2.364509,1103.0569,43977.0,124012490.0,2269.0,3944.0,441336.28,43977.0,365009.0,23013572.0,52.228916,22.414635,14312.494,4345.345,30591.143,6248348.0,0.0,0.0,104.874214,12.0,204.0,4559.0,-2106.0,-3653.0,0.0,0.0,0.0,1.4513652,0.2518887,0.27918977,6.3556623,2.6166568,2.9364052,31477748.0,554.37396,919.6071,55986.523,9740.136,74818.61,1933140000.0,4335.0,1838.0,1202249.5,365009.0,2569656.0
5,84.0,6.0,0.42857143,0.0,0.0,3.1402638,1.1542035,36.0,126.0,5.0,8.0,0.28868413,36.0,356.0,15.428572,0.04819277,0.024390243,0.015670555,4.2380953,32.04762,2.0,0.0,0.0,0.00029121386,0.0,0.0,0.0,-6.0,-11.0,0.0,0.0,0.0,2.0003338,-0.11535074,-1.2434843,5.486025,2.0693765,2.696178,21.75509,1.3960189,2.4594269,0.0367212,8.865282,78.33599,1296.0,4.0,2.0,1.3163265,356.0,2692.0
6,84.0,95.0,12.928572,0.0,0.0,1.9432343,26.24435,1086.0,71208.0,95.0,159.0,264.50064,1086.0,10480.0,14040.429,0.79518074,0.1097561,8.10198,124.7619,938.1548,3627.0,0.0,0.0,0.018416855,0.0,0.0,0.0,-75.0,-170.0,0.0,0.0,0.0,1.2217208,0.79327595,0.062337168,6.77652,2.3218992,2.802925,18318.533,20.247107,36.014744,32.644703,265.463,2235.276,1179396.0,66.0,9.0,680.56635,10480.0,78805.0
7,84.0,3.0,0.071428575,0.0,0.0,6.5177174,0.37338293,6.0,12.0,3.0,4.0,0.009633717,6.0,58.0,0.42857143,0.0,0.0,0.0016399417,0.6904762,4.047619,0.0,0.0,0.0,0.00028344672,0.0,0.0,0.0,-3.0,-6.0,0.0,0.0,0.0,5.30005,0.0,-1.7791414,1.6821666,2.5020025,3.2779984,1.6003442,0.5410018,0.993808,0.002432367,1.7284033,11.763641,36.0,0.0,0.0,0.1377551,58.0,340.0
8,84.0,303.0,21.869047,0.0,0.0,3.1682625,63.00254,1837.0,369627.0,303.0,573.0,857.7158,1837.0,11229.0,40087.582,3.6506023,3.695122,46.691265,133.67857,720.8214,902.0,0.0,0.0,0.29589128,2.0,39.0,0.0,-270.0,-312.0,0.0,0.0,0.0,2.3211956,1.0810986,2.2636147,4.677446,3.2838795,3.6438787,74559.34,56.89709,97.02675,128.42432,365.82837,2030.6075,3367357.0,303.0,303.0,3922.0662,11229.0,60549.0
9,84.0,308.0,23.238094,0.0,0.0,3.1116166,59.255344,1952.0,336790.0,148.0,251.0,935.27844,1952.0,12523.0,45360.76,2.313253,-1.4146341,41.30233,149.08333,859.8333,2995.0,0.0,0.0,0.19516277,0.0,0.0,0.0,-116.0,-264.0,0.0,0.0,0.0,2.0683084,1.0752375,-0.68203104,5.081076,3.2141714,3.4011486,76359.8,33.394875,58.34147,133.9718,386.2953,2336.8823,3810304.0,192.0,-116.0,3469.3958,12523.0,72226.0
10,84.0,41.0,0.97619045,0.0,0.0,7.8330803,4.6749167,82.0,1894.0,41.0,41.0,1.7599921,82.0,638.0,80.04762,0.072289154,0.048780486,0.25707942,7.595238,40.309525,0.0,0.0,0.0,0.07569819,0.0,0.0,0.0,-34.0,-75.0,0.0,0.0,0.0,6.1036644,1.5998329,-3.8892674,1.7525923,2.6649654,3.4850008,232.28996,6.070286,10.267896,0.33828542,20.338768,123.21487,6724.0,6.0,4.0,21.594671,638.0,3386.0
11,84.0,213.0,11.773809,0.0,0.0,3.6425307,35.589817,989.0,116775.0,213.0,329.0,249.91287,989.0,6206.0,11644.298,1.060241,-0.3292683,14.899476,73.88095,378.91666,88.0,0.0,0.0,0.42936283,0.0,0.0,0.0,-213.0,-426.0,0.0,0.0,0.0,2.4567456,0.2778046,-0.42372638,4.7082148,3.1972764,3.6454313,21706.717,39.537064,73.75938,36.936142,202.64233,1129.8538,978121.0,88.0,-27.0,1251.556,6206.0,31829.0
12,84.0,48.0,2.0119047,0.0,0.0,4.928603,7.9917035,169.0,5641.0,47.0,63.0,7.579164,169.0,910.0,340.0119,0.04819277,-0.25609756,0.7512738,10.833333,46.642857,0.0,0.0,0.0,0.06958881,0.0,0.0,0.0,-39.0,-86.0,0.0,0.0,0.0,3.9485781,1.1723915,-2.0952952,3.0623288,3.6192136,4.1141787,835.1969,9.068713,14.961523,1.333309,33.598564,154.03416,28561.0,4.0,-21.0,63.107002,910.0,3918.0
13,84.0,65.0,5.321429,0.0,0.0,2.792157,13.009876,447.0,16427.0,36.0,82.0,48.9045,447.0,3499.0,2378.6785,0.0,-0.47560975,1.9909753,41.654762,255.11905,390.0,0.0,0.0,0.020062523,0.0,0.0,0.0,-46.0,-80.0,0.0,0.0,0.0,1.8101993,-0.9518171,-0.26419428,5.561841,2.843211,3.2583797,3830.9744,9.914267,16.561316,6.745004,102.205025,681.5489,199809.0,0.0,-39.0,167.24193,3499.0,21430.0
14,84.0,2.0,0.05952381,0.0,0.0,5.608737,0.32380235,5.0,9.0,2.0,2.0,0.006582192,5.0,42.0,0.29761904,0.0,0.0,0.0012333306,0.5,2.7380953,0.0,0.0,0.0,1.6643553e-05,0.0,0.0,0.0,-2.0,-4.0,0.0,0.0,0.0,5.419264,-1.0628188,-2.5991714,1.4554956,2.5377765,3.344793,1.2101953,0.41319692,0.6849349,0.0018445407,1.3125896,8.281376,25.0,0.0,0.0,0.10359977,42.0,230.0
15,84.0,1.0,0.011904762,0.0,0.0,9.165152,0.10910895,1.0,1.0,1.0,1.0,0.00028344672,1.0,12.0,0.011904762,0.0,0.0,0.00014003618,0.14285715,0.9285714,0.0,0.0,0.0,7.086168e-05,0.0,0.0,0.0,-1.0,-2.0,0.0,0.0,0.0,9.165152,0.0,-3.7660904,0.024245033,2.078544,2.9635851,0.10910895,0.15617377,0.27216554,0.00014171319,0.3520288,2.6379333,1.0,0.0,0.0,0.011763038,12.0,78.0
16,84.0,540.0,29.154762,0.0,0.0,3.776077,92.251945,2449.0,777765.0,540.0,839.0,1502.8674,2449.0,15329.0,71400.016,6.506024,6.585366,100.10841,182.4881,985.9762,4137.0,0.0,0.0,0.1434949,0.0,0.0,0.0,-384.0,-768.0,0.0,0.0,0.0,2.796392,1.3307738,1.3335699,4.086774,3.091151,3.4980416,135083.31,105.403336,179.90848,226.7847,483.09912,2854.7573,5997601.0,540.0,540.0,8409.107,15329.0,82822.0
17,84.0,4.0,0.16666667,0.0,0.0,4.2840137,0.65552944,14.0,38.0,3.0,5.0,0.0536426,14.0,50.0,2.3333333,0.04819277,0.024390243,0.0050548,0.5952381,1.8809524,0.0,0.0,0.0,0.00018110084,0.0,0.0,0.0,-2.0,-4.0,0.0,0.0,0.0,3.5073595,2.2761903,0.2859048,3.2848775,4.433079,4.84354,6.064579,0.5823337,1.0420257,0.009896147,2.2014182,7.5735826,196.0,4.0,2.0,0.42460316,50.0,158.0
18,84.0,5.0,0.27380952,0.0,0.0,3.7320983,0.88291943,23.0,71.0,5.0,9.0,0.1228966,23.0,187.0,6.297619,0.024096385,-0.036585364,0.009169838,2.2261906,14.904762,0.0,0.0,0.0,0.00010865054,0.0,0.0,0.0,-4.0,-8.0,0.0,0.0,0.0,2.956924,0.7921819,-0.54103935,3.712862,2.4042935,2.9068403,11.100613,1.125924,2.0694432,0.018181069,5.0809145,39.00745,529.0,2.0,-3.0,0.7702664,187.0,1252.0
19,84.0,7324.0,737.0595,0.0,0.0,2.4235358,1653.7242,61913.0,272622270.0,4523.0,6451.0,921938.4,61913.0,498776.0,45612690.0,55.60241,-1.6585366,32169.602,5937.8096,38036.953,5987547.0,0.0,0.0,387.01593,16.0,276.0,6167.0,-4184.0,-8707.0,0.0,0.0,0.0,1.491486,0.19292636,-1.0446297,6.0829797,2.6510363,3.1391249,68475730.0,1004.3797,1540.9911,121525.39,14076.156,99632.36,3831465700.0,4615.0,-136.0,2702246.5,498776.0,3195104.0
20,84.0,16.0,0.53571427,0.0,0.0,5.636409,2.0967355,45.0,389.0,16.0,16.0,0.532973,45.0,297.0,24.107143,0.072289154,0.07317073,0.05171384,3.5357144,17.130953,0.0,0.0,0.0,0.005120221,0.0,0.0,0.0,-13.0,-29.0,0.0,0.0,0.0,3.744475,1.6597003,-3.02834,3.2058325,2.9586391,3.7932522,58.004574,2.4731886,4.2215805,0.09273376,10.179647,54.065952,2025.0,6.0,6.0,4.3439627,297.0,1439.0
21,84.0,3.0,0.0952381,0.0,0.0,5.577731,0.4814398,8.0,20.0,3.0,4.0,0.014225757,8.0,87.0,0.7619048,0.036144577,0.036585364,0.0027264873,1.0357143,9.011905,0.0,0.0,0.0,2.7431828e-05,0.0,0.0,0.0,-3.0,-6.0,0.0,0.0,0.0,5.4410505,1.277924,-1.5201166,1.4004645,1.6520652,2.3791406,2.6599169,0.61378044,0.99932224,0.004004653,2.0502508,21.069874,64.0,3.0,3.0,0.22902495,87.0,757.0
22,84.0,6.0,0.21428572,0.0,0.0,4.972475,0.8512419,18.0,64.0,6.0,6.0,0.062000804,18.0,149.0,3.857143,0.072289154,0.07317073,0.008523648,1.7738096,16.333334,0.0,0.0,0.0,0.00042517006,0.0,0.0,0.0,-3.0,-6.0,0.0,0.0,0.0,4.7202296,2.103284,0.029488215,1.783623,2.628964,2.4318368,8.501088,1.021514,1.5852755,0.013048774,3.5239327,32.42613,324.0,6.0,6.0,0.7159864,149.0,1372.0
23,84.0,249.0,24.464285,0.0,0.0,2.464992,56.395218,2055.0,314249.0,98.0,209.0,1033.5707,2055.0,14383.0,50274.105,2.3253012,-0.37804878,37.411407,171.2262,1007.369,4521.0,0.0,0.0,0.08731856,0.0,0.0,0.0,-111.0,-122.0,0.0,0.0,0.0,1.6937315,0.16975202,1.1976796,5.75902,2.9427807,3.300551,78922.914,23.399557,38.57065,139.99936,428.79602,2763.051,4223025.0,193.0,-31.0,3142.5583,14383.0,84619.0
24,84.0,20.0,1.9285715,0.0,0.0,2.4112692,4.4850106,162.0,1982.0,18.0,29.0,5.9321494,162.0,1367.0,312.42856,0.24096386,0.09756097,0.23661727,16.27381,116.333336,55.0,0.0,0.0,1.7888003e-33,0.0,0.0,0.0,-18.0,-36.0,0.0,0.0,0.0,1.5211154,0.38984507,-0.5911532,6.246439,2.521222,2.9004686,426.75528,4.1396074,7.481021,0.74691194,35.985725,283.35657,26244.0,20.0,8.0,19.87585,1367.0,9772.0
25,84.0,471.0,18.404762,0.0,0.0,5.3586535,68.51103,1546.0,418036.0,471.0,839.0,579.633,1546.0,10336.0,28349.834,0.0,-5.743902,55.212902,123.04762,772.3214,3859.0,0.0,0.0,0.6855706,3.0,54.5,0.0,-471.0,-942.0,0.0,0.0,0.0,4.236623,-0.0016704521,-1.2663755,2.9365644,3.2627835,3.295151,60069.664,96.70524,173.90062,95.0194,311.5542,1945.966,2381386.0,0.0,-471.0,4637.884,10336.0,64875.0
26,84.0,12.0,0.5833333,0.0,0.0,3.9841075,1.9088149,49.0,331.0,9.0,17.0,0.59837896,49.0,523.0,28.583334,0.0,-0.0121951215,0.042859506,6.2261906,43.142857,0.0,0.0,0.0,4.656758e-05,0.0,0.0,0.0,-12.0,-21.0,0.0,0.0,0.0,2.9370224,-0.8729454,-0.7404244,3.6059072,2.2982764,2.9779072,57.539764,2.5230644,4.587944,0.096500166,13.968425,110.859634,2401.0,0.0,-1.0,3.6001985,523.0,3624.0
27,84.0,23.0,1.1547619,0.0,0.0,4.354813,3.989426,97.0,1433.0,23.0,36.0,2.3005042,97.0,580.0,112.0119,0.27710843,0.2804878,0.18721487,6.904762,39.464287,0.0,0.0,0.0,0.0006377551,0.0,0.0,0.0,-13.0,-31.0,0.0,0.0,0.0,3.353182,2.4497461,1.122529,3.2642055,3.3182142,3.364199,227.26157,4.5540476,7.590238,0.372568,17.998405,108.2196,9409.0,23.0,23.0,15.726048,580.0,3315.0
28,84.0,35.0,2.7380953,0.0,0.0,2.8308213,6.4939623,230.0,4130.0,25.0,34.0,12.401112,230.0,1892.0,629.7619,0.19277108,-0.23170732,0.4960655,22.52381,149.75,34.0,0.0,0.0,0.009605424,0.0,0.0,0.0,-25.0,-50.0,0.0,0.0,0.0,1.487414,-0.36598897,-1.2899547,6.301001,2.5178177,2.9861574,892.1363,5.933489,10.185076,1.5609374,51.490433,388.27518,52900.0,16.0,-19.0,41.669502,1892.0,12579.0
29,84.0,201.0,9.761905,0.0,0.0,4.308259,29.574745,820.0,80602.0,201.0,288.0,166.8186,820.0,5641.0,8004.7617,0.90361446,0.24390244,10.288724,67.15476,383.7143,959.0,0.0,0.0,0.20763548,0.0,0.0,0.0,-201.0,-402.0,0.0,0.0,0.0,2.6465857,0.03555127,-0.84532255,4.323346,3.0552225,3.4343033,14690.916,35.834858,67.17888,24.913786,173.76529,1061.1505,672400.0,75.0,20.0,864.2528,5641.0,32232.0
30,84.0,107.0,6.535714,0.0,0.0,3.5024111,20.135952,549.0,37241.0,37.0,52.0,80.42182,549.0,2566.0,3588.1072,0.8313253,0.085365854,4.769401,30.547619,123.17857,69.0,0.0,0.0,0.031732228,0.0,0.0,0.0,-45.0,-59.0,0.0,0.0,0.0,2.7431562,-0.41125867,-0.8350703,3.8819344,3.9600563,4.350521,8154.4355,8.512285,12.377998,14.18996,99.67531,416.78558,301401.0,69.0,7.0,400.62967,2566.0,10347.0
31,84.0,8578.0,1014.2262,0.0,0.0,2.323954,2212.352,85195.0,492650620.0,3646.0,8592.0,1742643.1,85195.0,654315.0,86403624.0,77.084335,-1.8414634,57574.21,7789.4644,49005.51,10880584.0,0.0,0.0,417.5251,2.0,30.0,1266.0,-4946.0,-7059.0,0.0,0.0,0.0,1.6254655,-1.5291629,1.309213,5.9008517,2.7978415,3.169991,130367060.0,819.94073,1384.2179,232355.17,18713.156,128974.25,7257904000.0,6398.0,-151.0,4836233.5,654315.0,4116463.0
32,84.0,8.0,0.26190478,0.0,0.0,5.233244,1.1419604,22.0,114.0,8.0,9.0,0.12849408,22.0,114.0,5.7619047,0.0,-0.06097561,0.015339866,1.3571428,5.7380953,0.0,0.0,0.0,0.0005450988,0.0,0.0,0.0,-6.0,-14.0,0.0,0.0,0.0,4.399906,0.78685766,-1.4655825,2.3589153,3.8293047,4.1633487,16.340223,1.4650397,2.6168852,0.025247082,4.281208,19.034603,484.0,0.0,-5.0,1.2885487,114.0,482.0
33,84.0,43.0,5.5119047,0.0,0.0,2.0395741,11.053533,463.0,12693.0,29.0,50.0,46.46167,463.0,5138.0,2552.012,0.20481928,0.1097561,1.4372149,61.166668,505.7381,858.0,0.0,0.0,0.0018424037,0.0,0.0,0.0,-24.0,-53.0,0.0,0.0,0.0,1.296014,0.724815,-0.29982758,6.7070146,2.1728516,2.6485548,3217.1243,9.39351,16.842045,5.730042,122.75343,1133.1548,214369.0,17.0,9.0,120.72605,5138.0,42482.0
34,84.0,1.0,0.035714287,0.0,0.0,5.095142,0.18669146,3.0,3.0,1.0,1.0,0.0025100366,3.0,40.0,0.10714286,0.0,0.0,0.00040998543,0.47619048,3.4642856,0.0,0.0,0.0,3.797466e-05,0.0,0.0,0.0,-1.0,-2.0,0.0,0.0,0.0,5.037844,0.0,-1.7503207,1.6566052,1.8759674,2.7596855,0.41122377,0.22086306,0.3513642,0.00063266646,1.0582571,9.144682,9.0,0.0,0.0,0.034438774,40.0,291.0
35,84.0,20341.0,1674.2858,0.0,0.0,2.9980736,5001.013,140640.0,2311312400.0,16894.0,36761.0,5116781.0,140640.0,801752.0,235425600.0,216.71085,-16.40244,294195.12,9544.667,46128.117,10317238.0,0.0,0.0,10390.041,15.0,273.5,20600.0,-20341.0,-32840.0,0.0,0.0,0.0,2.2747543,-0.03971794,0.9628719,4.7569757,3.3299427,3.7861602,448783000.0,4353.573,7759.431,769331.4,27268.258,142268.31,19775750000.0,17987.0,-1345.0,24712392.0,801752.0,3874762.0
36,84.0,36.0,2.7380953,0.0,0.0,3.1449232,6.176362,230.0,3796.0,36.0,57.0,10.60627,230.0,3420.0,629.7619,0.012048192,0.0,0.4487299,40.714287,405.14285,482.0,0.0,0.0,0.023158893,0.0,0.0,0.0,-36.0,-72.0,0.0,0.0,0.0,1.3930072,-0.18729801,-1.0186864,6.995095,1.6317121,2.2336566,718.8136,7.477599,13.289743,1.2355118,70.60642,832.23444,52900.0,1.0,0.0,37.69331,3420.0,34032.0
37,84.0,20.0,1.2619047,0.0,0.0,3.4042485,3.890424,106.0,1390.0,20.0,23.0,2.76481,106.0,1012.0,133.7619,0.12048193,0.12195122,0.17803828,12.047619,79.25,0.0,0.0,0.0,0.017998867,0.0,0.0,0.0,-20.0,-40.0,0.0,0.0,0.0,2.5705848,-0.19121565,-1.8372775,5.0044327,2.2068253,2.9772336,226.22426,4.4540954,7.3642282,0.37490678,27.629173,213.75563,11236.0,10.0,10.0,14.955215,1012.0,6657.0
38,84.0,83.0,3.25,0.0,0.0,5.6798325,10.615827,273.0,10241.0,57.0,48.0,17.281292,273.0,1607.0,887.25,1.0,0.69512194,1.3256449,19.130953,128.67857,201.0,0.0,0.0,0.10853458,0.0,0.0,0.0,-13.0,-27.0,0.0,0.0,0.0,3.3219478,5.0087867,1.4525963,4.110784,3.415124,3.0824752,1557.4924,7.7238936,9.73436,2.5305376,46.72833,308.3324,74529.0,83.0,57.0,111.354164,1607.0,10809.0
39,84.0,1.0,0.011904762,0.0,0.0,9.165152,0.10910895,1.0,1.0,1.0,1.0,0.00028344672,1.0,19.0,0.011904762,0.0,0.0,0.00014003618,0.22619048,2.2619047,0.0,0.0,0.0,7.086168e-05,0.0,0.0,0.0,-1.0,-2.0,0.0,0.0,0.0,9.165152,0.0,-3.7660904,0.024245033,1.3328743,2.1553864,0.10910895,0.15617377,0.27216554,0.00014171319,0.42087662,4.957941,1.0,0.0,0.0,0.011763038,19.0,190.0
40,84.0,1.0,0.035714287,0.0,0.0,5.095142,0.18669146,3.0,3.0,1.0,1.0,0.0024021454,3.0,27.0,0.10714286,0.0,0.0,0.00040998543,0.32142857,2.047619,0.0,0.0,0.0,1.2228127e-35,0.0,0.0,0.0,-1.0,-2.0,0.0,0.0,0.0,5.037844,0.0,-1.7503207,1.6566052,2.658503,3.1001704,0.41122377,0.22086306,0.3513642,0.00063266646,0.7786413,5.4571824,9.0,0.0,0.0,0.034438774,27.0,172.0
41,84.0,401.0,47.95238,0.0,0.0,2.050067,89.200455,4028.0,853560.0,161.0,283.0,3338.8118,4028.0,40829.0,193072.89,3.9518073,0.91463417,93.595215,486.0595,4064.488,94099.0,0.0,0.0,0.81587917,1.0,19.5,24.0,-148.0,-309.0,0.0,0.0,0.0,1.0431272,0.66751057,0.09057419,7.3041744,2.1533558,2.542625,219599.95,43.152,75.13333,392.09848,959.6239,9088.44,16218123.0,328.0,75.0,7861.9976,40829.0,341417.0
42,84.0,143.0,7.904762,0.0,0.0,4.2850604,24.605131,664.0,55498.0,143.0,278.0,88.42941,664.0,5656.0,5137.845,0.6385542,-1.097561,7.1214905,67.333336,674.9048,2557.0,0.0,0.0,0.09637188,9.0,140.5,68.0,-135.0,-270.0,0.0,0.0,0.0,3.4366615,0.6503473,-0.59581053,3.676877,2.8746853,2.4449675,8260.3125,30.991179,56.61405,13.252439,133.57065,1193.67,431579.0,53.0,-90.0,598.2052,5656.0,56692.0
43,84.0,240.0,22.202381,0.0,0.0,2.492701,51.886757,1865.0,264863.0,141.0,242.0,862.09357,1865.0,13936.0,41407.44,2.8915663,1.7195122,31.66887,165.90475,971.5833,2015.0,0.0,0.0,0.35631698,0.0,0.0,0.0,-125.0,-223.0,0.0,0.0,0.0,1.489114,1.1245116,-0.21880727,5.9341106,2.691311,3.288037,65585.78,35.891438,59.472637,116.1884,412.43622,2727.4246,3478225.0,240.0,141.0,2660.1853,13936.0,81613.0
44,84.0,24.0,2.4166667,0.0,0.0,2.587784,4.7267714,203.0,2345.0,24.0,27.0,6.481595,203.0,2822.0,437.2976,0.10843374,-0.07317073,0.26281416,33.595238,503.9643,206.0,0.0,0.0,0.0017715419,16.0,262.0,9.0,-19.0,-43.0,0.0,0.0,0.0,1.2785196,0.8064343,-1.1658032,6.268963,2.0405455,1.7907609,510.59305,4.9089565,8.744353,0.82665634,49.29775,670.6224,36733.0,9.0,-6.0,22.07639,2822.0,42333.0
45,84.0,6.0,0.10714286,0.0,0.0,7.8113565,0.69452,9.0,41.0,6.0,6.0,0.02220665,9.0,47.0,0.96428573,0.024096385,0.024390243,0.0056739957,0.5595238,2.0595238,0.0,0.0,0.0,0.0006377551,0.0,0.0,0.0,-6.0,-12.0,0.0,0.0,0.0,7.151496,0.031868793,-3.5595303,0.8407825,3.4097774,4.313969,4.872956,0.9750035,1.670186,0.0068938346,1.9097164,7.9430976,81.0,2.0,2.0,0.47661564,47.0,173.0
46,84.0,517.0,23.357143,0.0,0.0,4.5221243,79.4353,1962.0,569554.0,491.0,679.0,987.82825,1962.0,14302.0,45826.715,1.5301205,1.402439,74.22439,170.2619,918.6071,2504.0,0.0,0.0,2.7689636,0.0,0.0,0.0,-517.0,-1008.0,0.0,0.0,0.0,3.0692823,0.24349423,-1.3310983,4.0485644,2.8761225,3.5130577,92146.8,101.06486,179.75504,151.63977,449.68988,2702.8274,3849444.0,127.0,115.0,6234.8486,14302.0,77163.0
47,84.0,19.0,0.8333333,0.0,0.0,4.5128307,2.7630668,70.0,692.0,19.0,19.0,1.2470907,70.0,522.0,58.333332,0.0,-0.12195122,0.089805365,6.214286,34.27381,0.0,0.0,0.0,0.0025510204,0.0,0.0,0.0,-15.0,-34.0,0.0,0.0,0.0,3.0242772,0.9088532,-2.378528,3.6710246,2.854583,3.436019,120.08043,3.4037282,5.709836,0.20123005,16.086416,99.64592,4900.0,0.0,-10.0,7.5436506,522.0,2879.0
48,84.0,34.0,1.5238096,0.0,0.0,4.4550786,5.5806813,128.0,2780.0,29.0,32.0,4.3642306,128.0,692.0,195.04762,0.31325302,0.31707317,0.36634812,8.238095,34.857143,0.0,0.0,0.0,0.011589271,0.0,0.0,0.0,-19.0,-48.0,0.0,0.0,0.0,3.2868621,2.306864,-1.7508335,3.3970385,3.4303045,4.0833497,455.13815,5.971329,9.317286,0.75039595,25.31042,119.016464,16384.0,26.0,26.0,30.773243,692.0,2928.0
49,84.0,79.0,1.8095238,0.0,0.0,7.6138244,9.172347,152.0,7258.0,53.0,72.0,6.231154,152.0,1035.0,275.0476,0.0,-0.18292683,0.98964745,12.321428,56.238094,0.0,0.0,0.0,0.2723923,0.0,0.0,0.0,-75.0,-128.0,0.0,0.0,0.0,6.2594295,-2.6148524,-4.0773773,1.61358,3.1956003,3.9226935,895.67957,10.760134,17.376818,1.3085409,36.7755,185.8143,23104.0,0.0,-15.0,83.13039,1035.0,4724.0
50,84.0,1.0,0.035714287,0.0,0.0,5.095142,0.18669146,3.0,3.0,1.0,1.0,0.0023749818,3.0,24.0,0.10714286,0.0,0.0,0.00040998543,0.2857143,1.6547619,0.0,0.0,0.0,2.0634964e-35,0.0,0.0,0.0,-1.0,-2.0,0.0,0.0,0.0,5.037844,0.0,-2.1743534,1.6566052,2.6696498,3.2665842,0.41122377,0.2705009,0.47140452,0.00063266646,0.72096705,4.7172947,9.0,0.0,0.0,0.034438774,24.0,139.0
51,84.0,2.0,0.071428575,0.0,0.0,5.0169277,0.33958566,6.0,10.0,2.0,2.0,0.009946737,6.0,73.0,0.42857143,0.012048192,0.0121951215,0.001356495,0.86904764,9.428572,0.0,0.0,0.0,4.2798444e-35,0.0,0.0,0.0,-2.0,-4.0,0.0,0.0,0.0,4.693595,0.035162553,-2.3305273,1.9139817,1.7235126,2.0433347,1.4831237,0.48120722,0.8239307,0.0023580065,1.4626248,18.012236,36.0,1.0,1.0,0.11394558,73.0,792.0
52,84.0,34.0,1.5357143,0.0,0.0,4.187077,5.1797714,129.0,2425.0,34.0,34.0,4.036446,129.0,1116.0,198.10715,0.19277108,0.19512194,0.31560272,13.285714,85.190475,0.0,0.0,0.0,0.02040673,0.0,0.0,0.0,-27.0,-61.0,0.0,0.0,0.0,3.110185,0.98745656,-1.4651518,3.6362274,2.4216208,3.0664687,382.73563,6.7615447,11.768801,0.6263491,31.057495,229.15384,16641.0,16.0,16.0,26.51063,1116.0,7156.0
53,84.0,5.0,0.0952381,0.0,0.0,7.412753,0.59352016,8.0,30.0,3.0,2.0,0.017878432,8.0,23.0,0.7619048,0.0,-0.06097561,0.004143721,0.27380952,0.6547619,0.0,0.0,0.0,0.00028344672,0.0,0.0,0.0,-5.0,-8.0,0.0,0.0,0.0,6.743292,-3.3010533,-7.0780206,0.9831823,5.6270604,5.9712577,3.6557236,0.6984303,0.96029264,0.0052644955,1.2739389,3.0987523,64.0,0.0,-5.0,0.34807256,23.0,55.0
54,84.0,15.0,0.22619048,0.0,0.0,8.831795,1.6526809,19.0,231.0,15.0,15.0,0.09733999,19.0,116.0,4.297619,0.0,0.0,0.032129023,1.3809524,6.892857,0.0,0.0,0.0,0.015943877,0.0,0.0,0.0,-15.0,-30.0,0.0,0.0,0.0,8.560235,0.0,-3.6310434,0.2942883,3.7858381,3.7670696,25.634962,2.3736358,4.136558,0.03406621,4.1446867,20.43209,361.0,0.0,0.0,2.6988378,116.0,579.0
55,84.0,3186.0,531.0238,0.0,0.0,1.7648741,853.86926,44606.0,84201544.0,908.0,1113.0,355753.62,44606.0,527225.0,23686848.0,37.481926,-0.91463417,8576.346,6276.4883,61482.395,19820236.0,0.0,0.0,18.867348,1.0,1.0,0.0,-333.0,-981.0,0.0,0.0,0.0,0.8228396,2.1006184,0.22989048,7.8281336,1.8850015,2.2483616,22599040.0,182.02335,257.35458,40606.707,11101.959,124391.29,1989695200.0,3111.0,-75.0,720413.06,527225.0,5164521.0
56,84.0,26.0,1.2738096,0.0,0.0,4.3558893,4.9463415,107.0,2167.0,26.0,49.0,3.0360613,107.0,547.0,136.29762,0.27710843,0.2804878,0.28779796,6.5119047,27.47619,0.0,0.0,0.0,0.0072797122,0.0,0.0,0.0,-26.0,-52.0,0.0,0.0,0.0,3.6593454,0.35599852,-0.29854208,2.853267,3.525822,4.072956,366.50204,6.5207233,12.059804,0.5962953,20.037611,93.33648,11449.0,23.0,23.0,24.175028,547.0,2308.0
57,84.0,58.0,4.404762,0.0,0.0,2.9173093,11.456696,370.0,12524.0,40.0,49.0,34.815136,370.0,2642.0,1629.762,0.3493976,0.1097561,1.543968,31.452381,171.0119,29.0,0.0,0.0,0.0070861676,0.0,0.0,0.0,-36.0,-66.0,0.0,0.0,0.0,1.7887276,0.26144126,-0.8432068,5.45799,2.8776183,3.4666958,2805.0273,9.280762,15.4943285,4.912998,82.0754,500.92844,136900.0,29.0,9.0,129.69331,2642.0,14365.0
58,84.0,3.0,0.10714286,0.0,0.0,4.7640414,0.46615207,9.0,19.0,2.0,3.0,0.022226462,9.0,42.0,0.96428573,0.012048192,-0.0121951215,0.0025560819,0.5,1.7261904,0.0,0.0,0.0,4.885637e-05,0.0,0.0,0.0,-3.0,-5.0,0.0,0.0,0.0,4.2509103,-0.7925796,-1.9416987,2.306013,3.6768544,4.5287876,2.9471097,0.573691,0.97491884,0.004763968,1.7320508,6.7900553,81.0,1.0,-1.0,0.21471089,42.0,145.0
59,84.0,30.0,1.2619047,0.0,0.0,5.084187,4.0183887,106.0,1474.0,23.0,34.0,2.834557,106.0,820.0,133.7619,0.14457831,0.1097561,0.18994305,9.761905,55.75,0.0,0.0,0.0,0.0025510204,0.0,0.0,0.0,-28.0,-51.0,0.0,0.0,0.0,2.7059011,-1.15314,-2.3600318,4.383721,2.7127438,3.3573854,248.59357,4.625308,7.897501,0.41475084,24.693602,159.87773,11236.0,12.0,9.0,15.955215,820.0,4683.0
60,84.0,3.0,0.071428575,0.0,0.0,6.5177174,0.37338293,6.0,12.0,3.0,3.0,0.008958285,6.0,29.0,0.42857143,0.036144577,0.036585364,0.0016399417,0.3452381,1.8333334,0.0,0.0,0.0,5.10961e-35,0.0,0.0,0.0,-1.0,-2.0,0.0,0.0,0.0,5.9356475,4.098301,0.39989227,1.430311,3.6487138,3.4205432,1.5072973,0.42615077,0.5761756,0.002223637,0.9505109,5.3454933,36.0,3.0,3.0,0.1377551,29.0,154.0
61,84.0,3.0,0.083333336,0.0,0.0,5.6854763,0.41676706,7.0,15.0,3.0,3.0,0.012637364,7.0,80.0,0.5833333,0.0,0.0,0.0020431783,0.95238096,6.6190476,0.0,0.0,0.0,0.00014172336,0.0,0.0,0.0,-3.0,-6.0,0.0,0.0,0.0,5.0532055,0.0,-2.3985877,1.6463279,2.0927825,2.8886108,2.1125462,0.6048584,1.0540925,0.0032020917,2.127869,17.470736,49.0,0.0,0.0,0.17162699,80.0,556.0
62,84.0,29.0,3.392857,0.0,0.0,2.2119,7.7148237,285.0,5907.0,29.0,44.0,19.832148,285.0,2227.0,966.9643,0.31325302,0.09756097,0.7001184,26.511906,163.5,114.0,0.0,0.0,0.006897149,0.0,0.0,0.0,-15.0,-36.0,0.0,0.0,0.0,1.5478535,2.2113533,1.1142875,5.8651795,2.7026174,3.2345583,1514.0039,5.272866,8.947873,2.6903944,64.47069,438.6723,81225.0,26.0,8.0,58.809948,2227.0,13734.0
63,84.0,252.0,19.654762,0.0,0.0,2.8607693,47.127228,1651.0,216791.0,252.0,343.0,624.21716,1651.0,14458.0,31263.215,1.5180722,-0.09756097,26.125423,172.11905,1667.8096,2027.0,0.0,0.0,0.17473593,35.0,651.5,479.0,-116.0,-368.0,0.0,1.0,1.0,1.6302363,2.7740786,-0.4261604,5.682638,2.6871393,2.7962523,49632.93,39.452152,68.86301,86.05093,366.61218,2907.909,2626110.0,126.0,-8.0,2194.5356,14458.0,140096.0
64,84.0,2.0,0.023809524,0.0,0.0,9.165152,0.2182179,2.0,4.0,2.0,2.0,0.0011337869,2.0,12.0,0.04761905,0.0,0.0,0.0005601447,0.14285715,0.5,0.0,0.0,0.0,0.00028344672,0.0,0.0,0.0,-2.0,-4.0,0.0,0.0,0.0,9.165152,0.0,-3.7660904,0.024245033,3.389022,4.4118285,0.4364358,0.31234753,0.5443311,0.00056685274,0.5181723,2.0328624,4.0,0.0,0.0,0.047052152,12.0,42.0
65,84.0,6.0,0.0952381,0.0,0.0,8.076885,0.6875668,8.0,40.0,6.0,6.0,0.018121568,8.0,18.0,0.7619048,0.072289154,0.07317073,0.0055609546,0.21428572,0.5714286,0.0,0.0,0.0,0.0011337869,0.0,0.0,0.0,-2.0,-4.0,0.0,0.0,0.0,7.479401,6.6640425,3.1085432,0.7199162,6.499438,5.3502493,4.7073874,0.7289005,0.8575084,0.0065890434,0.9826376,2.494745,64.0,6.0,6.0,0.46712017,18.0,48.0
66,84.0,2.0,0.0952381,0.0,0.0,4.29086,0.3993684,8.0,14.0,2.0,4.0,0.016309872,8.0,108.0,0.7619048,0.0,0.0,0.0018761472,1.2857143,10.238095,0.0,0.0,0.0,5.2406256e-36,0.0,0.0,0.0,-2.0,-4.0,0.0,0.0,0.0,4.349236,0.0,-0.23818848,2.2744,1.7053877,2.5734398,1.9795281,0.4938648,0.86066294,0.0031080893,2.6642272,25.357025,64.0,0.0,0.0,0.15759636,108.0,860.0
67,84.0,3.0,0.071428575,0.0,0.0,6.1714196,0.40436515,6.0,14.0,3.0,3.0,0.009964729,6.0,39.0,0.42857143,0.0,0.0,0.0019233885,0.4642857,1.8928572,0.0,0.0,0.0,3.2317192e-35,0.0,0.0,0.0,-2.0,-4.0,0.0,0.0,0.0,5.7833133,2.6097116,-1.5375,1.3093996,3.3424838,4.1632786,1.8320159,0.44172612,0.6666667,0.0027534214,1.4844286,6.801874,36.0,0.0,0.0,0.16156463,39.0,159.0
68,84.0,902.0,76.28571,0.0,0.0,2.85526,190.35779,6408.0,3496434.0,331.0,580.0,10365.184,6408.0,40852.0,488838.84,5.373494,-4.219512,426.2465,486.33334,2593.3452,23643.0,0.0,0.0,0.5,0.0,0.0,0.0,-346.0,-415.0,0.0,0.0,0.0,2.014174,0.2586153,1.132223,5.1350093,3.213569,3.552965,851735.9,83.54431,126.99198,1504.6833,1304.9757,7504.2954,41062464.0,446.0,-346.0,35804.703,40852.0,217841.0
69,84.0,4.0,0.14285715,0.0,0.0,4.777926,0.62368625,12.0,34.0,4.0,5.0,0.034399983,12.0,83.0,1.7142857,0.04819277,0.048780486,0.00457564,0.9880952,6.0833335,0.0,0.0,0.0,9.9026336e-05,0.0,0.0,0.0,-3.0,-6.0,0.0,0.0,0.0,4.2859516,1.40594,-0.7570891,1.9599079,2.7838447,3.1787894,5.0049887,0.79485565,1.2948372,0.007958327,2.412288,16.4604,144.0,4.0,4.0,0.38435373,83.0,511.0
70,84.0,7.0,0.17857143,0.0,0.0,6.097583,0.958924,15.0,79.0,7.0,7.0,0.05911988,15.0,84.0,2.6785715,0.0,-0.085365854,0.010816529,1.0,4.5,0.0,0.0,0.0,0.00014172336,0.0,0.0,0.0,-7.0,-14.0,0.0,0.0,0.0,5.459119,0.0,-3.0604444,1.4024082,3.37649,3.8300905,10.639957,1.3881028,2.3158138,0.01585401,2.9778297,14.857151,225.0,0.0,-7.0,0.9085884,84.0,378.0
71,84.0,2.0,0.023809524,0.0,0.0,9.165152,0.2182179,2.0,4.0,2.0,2.0,0.0011337869,2.0,12.0,0.04761905,0.0,0.0,0.0005601447,0.14285715,0.5,0.0,0.0,0.0,0.00028344672,0.0,0.0,0.0,-2.0,-4.0,0.0,0.0,0.0,9.165152,0.0,-3.7660904,0.024245033,3.389022,4.4118285,0.4364358,0.31234753,0.5443311,0.00056685274,0.5181723,2.0328624,4.0,0.0,0.0,0.047052152,12.0,42.0
72,84.0,58.0,1.8095238,0.0,0.0,6.542633,7.0582366,152.0,4410.0,58.0,66.0,4.792377,152.0,1412.0,275.0476,0.0,-0.70731705,0.58601934,16.809525,136.83333,58.0,0.0,0.0,0.0390956,0.0,0.0,0.0,-58.0,-116.0,0.0,0.0,0.0,5.2751307,-0.06062903,-3.3214037,2.1003897,2.3139873,2.5944624,555.15186,10.111572,16.829931,0.8233403,34.25154,310.80646,23104.0,0.0,-58.0,49.225624,1412.0,11494.0
73,84.0,650.0,54.25,0.5,0.0,2.9488013,130.60286,4557.0,1662957.0,594.0,785.0,5058.5044,4557.0,35527.0,245657.78,3.759036,0.40243903,200.64339,422.9405,2837.0952,26114.0,0.0,0.0,0.4153046,15.0,307.5,386.0,-319.0,-783.0,0.0,0.0,0.0,1.744452,2.9790707,-0.42376566,5.516452,2.8167162,3.2433763,402226.16,101.201515,180.15225,708.99884,1025.1682,6898.742,20635254.0,312.0,33.0,16854.045,35527.0,238316.0
74,84.0,2.0,0.05952381,0.0,0.0,5.2630897,0.2841682,5.0,7.0,2.0,2.0,0.006798878,5.0,19.0,0.29761904,0.012048192,-0.0121951215,0.00094988395,0.22619048,0.7619048,0.0,0.0,0.0,3.4471666e-06,0.0,0.0,0.0,-1.0,-3.0,0.0,0.0,0.0,5.10142,2.2985792,-1.5799825,1.9390479,4.2653227,4.596984,0.9285273,0.33107275,0.57721984,0.0014058809,0.8118281,2.964119,25.0,1.0,-1.0,0.07979025,19.0,64.0
75,84.0,16.0,0.39285713,0.0,0.0,6.421927,2.030003,33.0,355.0,16.0,16.0,0.29820922,33.0,159.0,12.964286,0.0,-0.036585364,0.04847445,1.8928572,6.714286,0.0,0.0,0.0,7.086168e-05,0.0,0.0,0.0,-13.0,-29.0,0.0,0.0,0.0,5.759798,1.1417034,-2.5445251,1.5491436,3.9136353,4.5311356,45.616646,2.7363853,4.7361107,0.06814368,6.521545,25.557198,1089.0,0.0,-3.0,4.0718536,159.0,564.0
76,84.0,181.0,10.142858,0.0,0.0,3.917221,31.958988,852.0,93416.0,164.0,262.0,173.51074,852.0,6603.0,8641.714,2.180723,1.7682927,12.014496,78.60714,497.16666,511.0,0.0,0.0,0.19970672,0.0,0.0,0.0,-164.0,-328.0,0.0,0.0,0.0,2.964604,0.39320344,-0.7277465,3.7228768,2.5309463,3.0966072,15952.178,38.63467,67.598175,26.694422,185.81355,1339.4946,725904.0,181.0,145.0,1009.2177,6603.0,41762.0
77,84.0,315.0,31.261906,0.0,0.0,2.415819,70.571014,2626.0,495456.0,274.0,513.0,1555.5348,2626.0,26178.0,81131.164,1.879518,0.07317073,58.583084,311.64285,2552.988,14510.0,0.0,0.0,1.0917623,22.0,337.0,471.0,-315.0,-589.0,0.0,0.0,0.0,1.3643025,-0.7356533,-0.17765726,6.3980007,2.2834954,2.7852886,112549.66,70.96038,128.11461,196.88501,653.31714,5573.7925,6815018.0,156.0,6.0,4920.979,26178.0,214451.0
78,84.0,3.0,0.17857143,0.0,0.0,3.5149276,0.62403107,15.0,35.0,3.0,5.0,0.061580364,15.0,128.0,2.6785715,0.0,0.0,0.0045807012,1.5238096,7.821429,0.0,0.0,0.0,9.448697e-06,0.0,0.0,0.0,-2.0,-4.0,0.0,0.0,0.0,2.8979368,0.8424694,0.17721099,3.696612,2.6738844,3.5492077,6.6262727,0.6439209,1.1967033,0.011259354,4.123036,24.793198,225.0,0.0,0.0,0.38477892,128.0,657.0
79,84.0,19.0,0.41666666,0.0,0.0,6.908717,2.355247,35.0,475.0,16.0,13.0,0.33062753,35.0,134.0,14.583333,0.0,-0.23170732,0.0652518,1.5952381,5.714286,0.0,0.0,0.0,0.0034722222,0.0,0.0,0.0,-19.0,-35.0,0.0,0.0,0.0,6.378529,-1.0502838,-4.260367,1.1145655,4.8291006,4.7615666,59.41141,3.19298,5.0779085,0.087183,5.8969445,20.277931,1225.0,0.0,-19.0,5.4811506,134.0,480.0
80,84.0,22.0,1.4523809,0.0,0.0,3.3653505,3.949698,122.0,1472.0,22.0,35.0,3.6424255,122.0,1385.0,174.30952,0.024096385,-0.036585364,0.18350475,16.488094,134.41667,0.0,0.0,0.0,0.002823193,1.0,23.5,0.0,-19.0,-41.0,0.0,0.0,0.0,2.0790534,-0.0751239,-0.324257,5.126166,2.0623393,2.8045442,300.4142,4.5451016,8.554033,0.5145236,35.007225,301.38553,14642.0,2.0,-3.0,15.414399,1385.0,11291.0
81,84.0,11.0,0.35714287,0.0,0.0,5.371943,1.5954971,30.0,222.0,11.0,11.0,0.22330628,30.0,187.0,10.714286,0.09638554,0.036585364,0.02994412,2.2261906,12.285714,0.0,0.0,0.0,8.71215e-05,0.0,0.0,0.0,-11.0,-22.0,0.0,0.0,0.0,4.9267836,0.11947458,-3.1992767,1.7973127,2.9489174,3.3928158,30.359123,1.9038757,3.1795843,0.046931416,5.854359,35.755047,900.0,8.0,3.0,2.5153062,187.0,1032.0
82,84.0,302.0,34.642857,0.0,0.0,2.3694267,80.445694,2910.0,637946.0,265.0,334.0,2072.927,2910.0,21056.0,100810.71,3.5542169,1.1585366,76.12462,250.66667,1490.7262,8784.0,0.0,0.0,0.41872177,0.0,0.0,0.0,-139.0,-404.0,0.0,0.0,0.0,1.6549447,2.4810414,-0.47997513,5.8025007,2.875607,3.2900681,158272.98,43.01,71.6875,280.45038,623.4312,4069.5862,8468100.0,295.0,95.0,6394.468,21056.0,125221.0
83,84.0,44.0,4.2738094,0.0,0.0,2.4527798,9.901139,359.0,9671.0,44.0,58.0,30.973045,359.0,3319.0,1534.2976,0.15662651,-0.024390243,1.1531608,39.511906,264.6905,133.0,0.0,0.0,0.0012291862,0.0,0.0,0.0,-36.0,-72.0,0.0,0.0,0.0,1.3635471,0.77473235,-0.537384,6.337909,2.3443427,2.9747288,2243.6511,8.7853565,14.758948,3.95421,89.48413,692.2787,128881.0,13.0,-2.0,96.8655,3319.0,22234.0
84,84.0,3.0,0.0952381,0.0,0.0,5.577731,0.4814398,8.0,20.0,3.0,3.0,0.01651815,8.0,41.0,0.7619048,0.036144577,0.036585364,0.0027264873,0.48809522,2.2857144,0.0,0.0,0.0,3.9189283e-05,0.0,0.0,0.0,-3.0,-6.0,0.0,0.0,0.0,5.4410505,1.4258478,-2.4003046,1.4004645,3.414762,3.750863,2.6599169,0.5935791,0.9087384,0.004004653,1.4268851,7.3000603,64.0,3.0,3.0,0.22902495,41.0,192.0
85,84.0,932.0,57.511906,0.0,0.0,3.6528916,157.84708,4831.0,2345843.0,765.0,1200.0,5861.8237,4831.0,31211.0,277840.0,7.0361447,2.4634147,293.08432,371.5595,2030.7024,26481.0,0.0,0.0,1.1492347,0.0,0.0,0.0,-733.0,-1498.0,0.0,0.0,0.0,2.152255,0.5981252,-1.1753381,4.9469767,3.1566703,3.550832,495248.34,135.99762,251.96175,859.89075,992.1078,5753.8936,23338560.0,584.0,202.0,24619.084,31211.0,170579.0
86,84.0,3.0,0.11904762,0.0,0.0,4.4778047,0.476047,10.0,20.0,2.0,3.0,0.02608393,10.0,70.0,1.1904762,0.0,0.0,0.0026657488,0.8333333,4.214286,0.0,0.0,0.0,0.00015977531,0.0,0.0,0.0,-2.0,-4.0,0.0,0.0,0.0,4.0633364,0.0,-1.8378917,2.829396,3.1364021,3.6572564,2.8558805,0.5630925,0.9686442,0.0044739298,2.3015623,12.854207,100.0,0.0,0.0,0.22392291,70.0,354.0
87,84.0,8.0,0.1904762,0.0,0.0,6.987901,0.9628796,16.0,80.0,8.0,11.0,0.06489777,16.0,80.0,3.047619,0.0,-0.09756097,0.010905949,0.95238096,4.797619,0.0,0.0,0.0,0.0005459606,0.0,0.0,0.0,-8.0,-16.0,0.0,0.0,0.0,6.3580875,-0.08739597,-2.8255064,1.2599294,4.1739707,3.716434,9.753473,1.3704191,2.3286183,0.013986188,2.823758,13.801327,256.0,0.0,-8.0,0.9160998,80.0,403.0
88,84.0,51.0,2.0238094,0.0,0.0,4.7185845,8.065957,170.0,5744.0,51.0,90.0,7.4601197,170.0,824.0,344.0476,0.61445785,0.6219512,0.7652994,9.809524,45.857143,0.0,0.0,0.0,0.0020384649,0.0,0.0,0.0,-39.0,-65.0,0.0,0.0,0.0,3.9816568,1.0566972,0.7776235,2.5471985,3.7346761,3.8813322,865.6517,9.760337,16.84764,1.3913281,29.13594,141.88618,28900.0,51.0,51.0,64.28515,824.0,3852.0
89,84.0,1850.0,141.65475,0.0,0.0,3.2308502,358.99387,11899.0,12382307.0,801.0,1144.0,33906.55,11899.0,79293.0,1685297.2,12.807229,-7.792683,1515.9803,943.9643,5810.107,295698.0,0.0,0.0,0.039270483,1.0,15.5,0.0,-639.0,-949.0,0.0,0.0,0.0,2.1722333,0.7920566,0.29243782,5.0489807,3.1626952,3.234819,2726880.0,182.65471,297.42404,4770.139,2352.732,15135.355,141564980.0,1063.0,-639.0,127342.34,79293.0,488049.0
90,84.0,408.0,35.738094,0.0,0.0,2.7933047,82.423256,3002.0,671154.0,170.0,358.0,2162.6257,3002.0,24013.0,107285.766,2.0843372,0.085365854,79.9133,285.86905,1820.0834,12321.0,0.0,0.0,0.22378118,0.0,0.0,0.0,-218.0,-385.0,0.0,0.0,0.0,1.6208637,-0.46999422,-0.5234824,5.9202566,2.7063506,3.1247804,161363.14,55.11854,96.61942,285.2337,678.44867,4788.755,9012004.0,173.0,7.0,6712.7173,24013.0,152887.0
91,84.0,239.0,18.190475,0.0,0.0,3.0915241,45.599216,1528.0,200376.0,239.0,392.0,565.9716,1528.0,11736.0,27795.047,1.373494,-0.18292683,24.458752,139.71428,860.9762,2396.0,0.0,0.0,0.15334147,0.0,0.0,0.0,-153.0,-349.0,0.0,0.0,0.0,1.7641028,2.1703782,0.086028464,5.8110056,2.7374215,3.1895373,42991.81,45.28816,83.86646,74.90123,337.61377,2317.5625,2334784.0,114.0,-15.0,2054.5352,11736.0,72322.0
92,84.0,83.0,7.5,0.0,0.0,2.8604429,16.24029,630.0,26616.0,83.0,124.0,79.58326,630.0,6149.0,4725.0,1.0,1.0121951,3.1024659,73.20238,635.3333,2240.0,0.0,0.0,0.015731292,0.0,0.0,0.0,-41.0,-68.0,0.0,0.0,0.0,1.5624001,2.5117486,2.161942,6.292006,2.376575,2.554644,5658.854,13.559265,20.755777,9.908866,144.8434,1342.8679,396900.0,83.0,83.0,260.60715,6149.0,53368.0
93,84.0,71.0,4.4761906,0.0,0.0,3.5660942,11.264055,376.0,12214.0,46.0,57.0,33.797607,376.0,3048.0,1683.0476,0.0,-0.86585367,1.492482,36.285713,233.5,278.0,0.0,0.0,0.05102041,0.0,0.0,0.0,-71.0,-117.0,0.0,0.0,0.0,1.6934652,-2.253766,-3.3528686,5.9981904,2.6717608,3.0952296,2520.9253,11.135529,17.657763,4.379894,85.379745,611.3857,141376.0,0.0,-71.0,125.368484,3048.0,19614.0
94,84.0,69.0,4.0,0.0,0.0,4.0698657,10.569335,336.0,10616.0,59.0,110.0,25.902102,336.0,3365.0,1344.0,0.0,-0.5,1.3140589,40.059525,294.7976,151.0,0.0,0.0,0.0036745602,0.0,0.0,0.0,-69.0,-128.0,0.0,0.0,0.0,1.9850048,-0.8924016,-1.029297,5.6016736,2.197433,2.771316,1948.3557,13.396396,24.567995,3.3257716,85.42838,727.7819,112896.0,0.0,-41.0,110.38095,3365.0,24763.0
95,84.0,194.0,23.25,3.0,0.0,2.3700764,38.104446,1953.0,165919.0,82.0,139.0,462.71082,1953.0,29111.0,44110.035,1.0481927,-1.0487804,17.07933,346.5595,4726.5835,41857.0,0.0,0.0,0.5337061,72.5,723.5,6429.0,-105.0,-155.0,0.0,0.0,0.0,1.2611806,-0.6824751,-0.025795335,6.779493,1.5769947,1.7653695,32407.926,27.362028,45.636757,54.93705,492.26358,7420.531,3705243.0,87.0,-86.0,1434.6637,29111.0,397033.0
96,84.0,32.0,0.97619045,0.0,0.0,6.0437775,4.0981226,82.0,1474.0,32.0,32.0,1.771098,82.0,454.0,80.04762,0.0,-0.3902439,0.19755562,5.404762,24.083334,0.0,0.0,0.0,0.022959184,0.0,0.0,0.0,-32.0,-64.0,0.0,0.0,0.0,4.456175,-0.14838102,-4.0408764,2.5687442,3.5152805,3.9475617,210.40024,5.5808907,9.029111,0.3314415,16.161175,78.76306,6724.0,0.0,-32.0,16.594671,454.0,2023.0
97,84.0,56.0,4.2738094,0.0,0.0,2.9744208,11.578283,359.0,12661.0,48.0,81.0,32.029083,359.0,2399.0,1534.2976,0.40963855,-0.2682927,1.5769136,28.559525,160.53572,112.0,0.0,0.0,0.035126302,0.0,0.0,0.0,-48.0,-96.0,0.0,0.0,0.0,1.9862572,0.29076043,-0.42213455,5.3780403,2.9988825,3.4089289,2570.2302,11.526255,21.818018,4.435486,73.72194,453.24194,128881.0,34.0,-22.0,132.46074,2399.0,13485.0
98,84.0,11.0,0.5,0.0,0.0,4.5509663,1.9909433,42.0,350.0,11.0,13.0,0.47960186,42.0,237.0,21.0,0.0,-0.12195122,0.046626985,2.8214285,11.226191,0.0,0.0,0.0,0.0026687947,0.0,0.0,0.0,-10.0,-17.0,0.0,0.0,0.0,3.5671656,-0.37284318,-1.1642349,3.020482,3.3006618,4.1510487,54.706444,2.1583643,3.267461,0.088868015,8.944489,40.59953,1764.0,0.0,-10.0,3.9166667,237.0,943.0
99,84.0,91.0,9.404762,0.0,0.0,2.4903932,22.814665,790.0,50632.0,45.0,109.0,152.21611,790.0,5661.0,7429.7617,0.92771083,0.25609756,6.122766,67.39286,410.4762,692.0,0.0,0.0,0.013081665,0.0,0.0,0.0,-80.0,-115.0,0.0,0.0,0.0,1.7896696,-1.2776593,0.31109598,5.4415126,2.9443808,3.3311307,12178.276,14.713345,23.616175,21.505245,168.87216,1082.4484,624100.0,77.0,21.0,514.3124,5661.0,34480.0
100,84.0,64.0,2.4642856,0.0,0.0,5.326478,8.855529,207.0,7019.0,64.0,72.0,10.951841,207.0,1332.0,510.10715,0.0,-0.7804878,0.92246217,15.857142,81.77381,0.0,0.0,0.0,0.0073808203,0.0,0.0,0.0,-64.0,-128.0,0.0,0.0,0.0,3.58458,-0.08651692,-3.2459607,3.574684,3.1723573,3.5947008,1064.5654,11.678623,19.294357,1.7213293,43.133343,244.57976,42849.0,0.0,-64.0,77.48682,1332.0,6869.0
101,84.0,73.0,10.464286,3.0,0.0,2.0932913,17.207064,879.0,33773.0,29.0,70.0,103.03945,879.0,12694.0,8376.25,0.42168674,-0.085365854,3.4828362,151.11905,2280.9167,4218.0,0.0,0.0,0.019455241,82.5,928.0,1946.0,-47.0,-54.0,0.0,0.0,0.0,1.3500545,-1.1656693,-0.12898499,6.033853,1.9887391,1.6865181,8375.561,9.319689,15.000577,13.951246,213.04405,3105.1226,703605.0,35.0,-7.0,292.55826,12694.0,191597.0
102,84.0,36.0,2.0,0.0,0.0,4.050645,5.466216,168.0,2816.0,34.0,35.0,6.9173613,168.0,1739.0,336.0,0.10843374,0.06097561,0.35147393,20.702381,143.36905,12.0,0.0,0.0,0.0013487049,0.0,0.0,0.0,-25.0,-59.0,0.0,0.0,0.0,1.9431717,1.3113135,-1.7000887,5.5175815,2.1006937,2.8928323,541.2776,6.2117357,11.115941,0.92617166,46.01225,375.0937,28224.0,9.0,5.0,29.52381,1739.0,12043.0
103,84.0,13.0,0.39285713,0.0,0.0,5.605935,1.7631971,33.0,271.0,13.0,13.0,0.282539,33.0,203.0,12.964286,0.084337346,0.06097561,0.03656969,2.4166667,11.726191,0.0,0.0,0.0,0.00026115438,0.0,0.0,0.0,-13.0,-26.0,0.0,0.0,0.0,4.833202,0.014323458,-2.6810513,1.9478986,2.9938388,3.6722815,37.35871,2.3798177,4.0925937,0.057658657,6.7933497,37.318672,1089.0,7.0,5.0,3.0718536,203.0,985.0
104,84.0,5.0,0.10714286,0.0,0.0,7.1006603,0.60156137,9.0,31.0,4.0,3.0,0.019576827,9.0,49.0,0.96428573,0.060240965,0.048780486,0.004256762,0.5833333,4.1666665,0.0,0.0,0.0,0.00050945685,0.0,0.0,0.0,-2.0,-4.0,0.0,0.0,0.0,6.4531765,4.046197,-1.169396,1.0781684,3.4313478,2.6987581,3.8037598,0.5706094,0.7010123,0.0055075153,1.3815334,10.246167,81.0,5.0,4.0,0.35756803,49.0,350.0
105,84.0,92.0,6.8333335,0.0,0.0,3.247809,18.219435,574.0,31474.0,33.0,38.0,83.233925,574.0,3370.0,3922.3333,0.6987952,-0.09756097,3.9047146,40.11905,209.90475,147.0,0.0,0.0,0.034297053,0.0,0.0,0.0,-26.0,-35.0,0.0,0.0,0.0,2.3476532,1.5400504,0.1417368,4.6159463,3.4528184,3.6356554,7212.033,6.70954,9.44328,12.652342,110.8101,604.6863,329476.0,58.0,-8.0,327.99603,3370.0,17632.0
106,84.0,473.0,50.309525,0.0,0.0,2.3190336,101.50292,4226.0,1067744.0,473.0,473.0,3874.4172,4226.0,44311.0,212608.05,1.4939759,-1.6219512,121.19273,527.5119,4216.6787,62653.0,0.0,0.0,0.01428341,0.0,0.0,0.0,-316.0,-789.0,0.0,0.0,0.0,1.0990474,1.7607101,-1.454108,7.084241,2.1505048,2.6373637,260152.28,81.403595,140.76288,462.07043,1069.7334,9764.592,17859076.0,124.0,-133.0,10180.189,44311.0,354201.0
107,84.0,79.0,6.75,0.0,0.0,3.0046391,13.60446,567.0,19189.0,64.0,69.0,53.981747,567.0,7825.0,3827.25,0.62650603,0.4390244,2.1771188,93.15476,999.619,2527.0,0.0,0.0,0.012498465,0.0,0.0,0.0,-73.0,-137.0,0.0,0.0,0.0,1.14954,-0.2123382,-1.7457753,7.297698,1.64132,2.1210866,3572.7974,14.345655,24.448029,6.186776,154.45703,1917.2338,321489.0,52.0,36.0,182.87798,7825.0,83968.0
108,84.0,52.0,1.9761904,0.0,0.0,5.5733147,7.011138,166.0,4408.0,52.0,60.0,6.426434,166.0,1071.0,328.0476,0.62650603,0.63414633,0.57822454,12.75,84.36905,52.0,0.0,0.0,0.0040383455,0.0,0.0,0.0,-26.0,-56.0,0.0,0.0,0.0,3.926643,4.188263,0.8890462,3.2025664,3.1015286,3.1377883,637.8075,7.502375,10.807533,1.0121278,30.935173,207.68092,27556.0,52.0,52.0,48.57086,1071.0,7087.0
109,84.0,4.0,0.083333336,0.0,0.0,6.8637156,0.4959677,7.0,21.0,4.0,4.0,0.013160182,7.0,51.0,0.5833333,0.0,0.0,0.0028935184,0.60714287,3.5952382,0.0,0.0,0.0,0.00015628946,0.0,0.0,0.0,-4.0,-8.0,0.0,0.0,0.0,6.2714114,0.0,-2.8568318,1.1546727,3.282598,3.3729324,2.6444228,0.7156781,1.2472191,0.0038694025,1.5983263,9.594324,49.0,0.0,0.0,0.24305555,51.0,302.0
110,84.0,2069.0,128.89285,0.0,0.0,3.6439862,411.63785,10827.0,15459517.0,873.0,623.0,31465.543,10827.0,46954.0,1395523.0,18.746988,-3.817073,1993.1964,558.9762,2124.0715,0.0,0.0,0.0,0.53635204,0.0,0.0,0.0,-365.0,-1238.0,0.0,0.0,0.0,2.9242253,2.9749389,-2.161407,3.6796958,4.1445312,4.456488,3250879.0,153.02525,213.35857,5624.973,1878.7494,7484.416,117223930.0,1556.0,-313.0,167428.5,46954.0,178422.0
111,84.0,129.0,14.428572,0.0,0.0,2.1089756,30.480207,1212.0,94598.0,129.0,159.0,314.3734,1212.0,12532.0,17487.428,0.67469877,-0.47560975,10.928369,149.19048,1205.2858,6054.0,0.0,0.0,0.008317261,0.0,0.0,0.0,-103.0,-155.0,0.0,0.0,0.0,1.1866003,1.4523582,0.32725355,6.990326,2.1459382,2.6238945,21240.408,26.601902,43.904842,37.436523,300.98083,2765.773,1468944.0,56.0,-39.0,917.983,12532.0,101244.0
112,84.0,3.0,0.05952381,0.0,0.0,7.2159,0.3590882,5.0,11.0,3.0,4.0,0.006514675,5.0,32.0,0.29761904,0.0,0.0,0.0015167773,0.3809524,1.8571428,0.0,0.0,0.0,0.00014172336,0.0,0.0,0.0,-3.0,-6.0,0.0,0.0,0.0,6.5197186,0.0,-2.0837553,1.0142483,3.535786,3.7943513,1.3513025,0.5179698,0.94280905,0.0019188735,1.1183547,5.6868963,25.0,0.0,0.0,0.1274093,32.0,156.0
113,84.0,1172.0,139.88095,0.0,0.0,2.2774806,302.779,11750.0,9252636.0,573.0,1210.0,32172.064,11750.0,92999.0,1643601.2,10.650602,-2.682927,1078.3779,1107.131,7412.9644,367269.0,0.0,0.0,27.481434,0.0,0.0,0.0,-638.0,-998.0,0.0,0.0,0.0,1.5786245,-1.0587391,1.1419666,6.0778694,2.7347682,3.0365713,2352781.0,142.73859,246.31606,4183.3,2563.8308,18686.77,138062500.0,884.0,-220.0,90583.75,92999.0,622689.0
114,84.0,84.0,9.083333,0.0,0.0,2.2231772,18.87831,763.0,36511.0,84.0,162.0,127.59707,763.0,8194.0,6930.5835,0.39759037,-0.07317073,4.192236,97.54762,776.0714,1058.0,0.0,0.0,0.03500567,0.0,0.0,0.0,-84.0,-168.0,0.0,0.0,0.0,1.1298816,0.5698078,-0.19327103,6.898577,2.0273352,2.6147609,8663.514,18.732351,35.677837,15.3109665,197.26762,1828.2778,582169.0,33.0,-6.0,352.14783,8194.0,65190.0
115,84.0,1390.0,183.4762,0.0,0.0,1.9280185,373.79227,15412.0,14424550.0,894.0,2131.0,55073.45,15412.0,135947.0,2827735.0,13.710843,0.19512194,1643.5396,1618.4166,11253.238,525152.0,0.0,0.0,7.7907596,0.0,0.0,0.0,-1237.0,-1497.0,0.0,0.0,0.0,1.2526622,-1.5083889,0.9170991,6.6639485,2.4556367,2.9418728,3864477.0,231.01375,409.79865,6903.253,3611.8904,28215.111,237529740.0,1138.0,16.0,138057.33,135947.0,945272.0
116,84.0,30.0,1.6547619,0.0,0.0,3.9381728,5.391859,139.0,2643.0,17.0,35.0,4.7786326,139.0,881.0,230.0119,0.31325302,0.048780486,0.34197676,10.488095,59.035713,22.0,0.0,0.0,0.005739796,0.0,0.0,0.0,-30.0,-47.0,0.0,0.0,0.0,2.9577143,-2.1174386,-1.6801037,3.919293,2.9857779,3.3976681,437.767,4.664154,7.3835025,0.72684556,27.280998,166.98982,19321.0,26.0,4.0,28.72605,881.0,4959.0
117,84.0,7.0,0.42857143,0.0,0.0,3.4866233,1.301396,36.0,156.0,6.0,8.0,0.32245976,36.0,294.0,15.428572,0.024096385,0.0,0.019922255,3.5,20.964285,0.0,0.0,0.0,0.0005489739,0.0,0.0,0.0,-5.0,-11.0,0.0,0.0,0.0,2.4660654,0.7622024,-1.1297535,4.5911098,2.5178862,3.1855986,27.316214,1.5770913,2.7397397,0.045947503,8.514339,58.993862,1296.0,2.0,0.0,1.6734694,294.0,1761.0
118,84.0,320.0,10.726191,0.0,0.0,5.179171,48.077084,901.0,201511.0,320.0,416.0,211.74251,901.0,4651.0,9664.298,3.8554218,3.902439,27.18916,55.36905,251.54762,16.0,0.0,0.0,0.41162542,0.0,0.0,0.0,-240.0,-480.0,0.0,0.0,0.0,4.6867843,1.6664618,-0.39858148,2.0530493,3.3621626,3.8991082,27979.586,60.324352,99.968956,43.50952,165.04456,817.3579,811801.0,320.0,320.0,2283.8894,4651.0,21130.0
119,84.0,3.0,0.10714286,0.0,0.0,5.035646,0.5152577,9.0,23.0,3.0,3.0,0.020729398,9.0,67.0,0.96428573,0.0,0.0,0.0031229754,0.79761904,4.357143,0.0,0.0,0.0,7.086168e-05,0.0,0.0,0.0,-3.0,-6.0,0.0,0.0,0.0,5.0320272,-0.8424694,-2.1392808,1.8061113,3.0872123,3.5396585,3.1063342,0.6439209,1.0540925,0.0047633583,2.138459,12.5291395,81.0,0.0,0.0,0.26232994,67.0,366.0
120,84.0,2.0,0.05952381,0.0,0.0,5.2630897,0.2841682,5.0,7.0,1.0,2.0,0.005817027,5.0,45.0,0.29761904,0.0,0.0,0.00094988395,0.53571427,3.702381,0.0,0.0,0.0,9.508674e-05,0.0,0.0,0.0,-2.0,-3.0,0.0,0.0,0.0,5.10142,-1.7605617,-2.0875053,1.5821989,2.6034832,2.877421,0.9285273,0.34921515,0.5665577,0.0014058809,1.2266756,9.350962,25.0,0.0,0.0,0.07979025,45.0,311.0
121,84.0,43.0,1.6547619,0.0,0.0,4.875634,6.384269,139.0,3613.0,43.0,58.0,4.8845863,139.0,684.0,230.0119,0.3493976,-0.17073171,0.47944844,8.142858,41.166668,0.0,0.0,0.0,0.0069444445,0.0,0.0,0.0,-22.0,-57.0,0.0,0.0,0.0,4.332015,2.8747656,-0.240002,3.1777349,3.8220205,3.6267598,498.2105,6.7849073,12.370619,0.7758809,23.21982,120.83533,19321.0,29.0,-14.0,40.273666,684.0,3458.0
122,84.0,20.0,0.8214286,0.0,0.0,4.6851177,2.9089007,69.0,759.0,11.0,27.0,1.2015772,69.0,418.0,56.67857,0.04819277,-0.06097561,0.09953535,4.9761906,26.690475,4.0,0.0,0.0,0.005539038,0.0,0.0,0.0,-19.0,-30.0,0.0,0.0,0.0,3.3880038,-1.5943092,-0.62218267,3.3789194,3.5007844,3.6795588,122.69231,3.1113625,5.611601,0.2016792,13.943929,74.48263,4761.0,4.0,-5.0,8.36097,418.0,2242.0
123,84.0,234.0,23.666666,0.0,0.0,2.5150976,56.754456,1988.0,314398.0,147.0,314.0,1007.07166,1988.0,15689.0,47049.332,0.45783132,-0.9878049,37.88955,186.7738,1055.4166,477.0,0.0,0.0,1.4788392,0.0,0.0,0.0,-186.0,-233.0,0.0,0.0,0.0,1.6363502,-0.82687396,0.69724447,5.634216,2.715556,3.3656292,79886.086,38.59461,63.572742,141.70306,473.0995,3048.3547,3952144.0,38.0,-81.0,3182.7222,15689.0,88655.0
124,84.0,11.0,0.54761904,0.0,0.0,3.9870021,1.9163517,46.0,330.0,9.0,13.0,0.5697155,46.0,246.0,25.190475,0.024096385,-0.06097561,0.04319863,2.9285715,11.797619,0.0,0.0,0.0,0.00052966387,0.0,0.0,0.0,-8.0,-17.0,0.0,0.0,0.0,2.9231014,0.922782,-0.39436698,3.7062116,3.4794579,4.1443367,58.465824,2.1525702,3.9545178,0.09764857,9.187191,41.733746,2116.0,2.0,-5.0,3.6286848,246.0,991.0
125,84.0,23.0,1.0833334,0.0,0.0,4.2895393,3.5336876,91.0,1135.0,16.0,21.0,2.1942933,91.0,575.0,98.583336,0.072289154,0.036585364,0.14688444,6.845238,31.571428,0.0,0.0,0.0,0.0029304537,0.0,0.0,0.0,-12.0,-24.0,0.0,0.0,0.0,2.7035403,0.89234775,-0.76626545,4.307279,3.222038,3.8756087,206.24686,3.2376714,5.2621293,0.34876248,19.893993,102.514565,8281.0,6.0,3.0,12.338294,575.0,2652.0
126,84.0,4.0,0.16666667,0.0,0.0,4.8759108,0.67365813,14.0,40.0,4.0,5.0,0.047824256,14.0,84.0,2.3333333,0.04819277,0.048780486,0.0053382465,1.0,5.702381,0.0,0.0,0.0,9.658103e-05,0.0,0.0,0.0,-3.0,-7.0,0.0,0.0,0.0,4.277659,2.1524503,-0.71508867,2.2667332,3.118175,3.2619765,5.668202,0.79485565,1.2756256,0.008920161,2.592854,16.017145,196.0,4.0,4.0,0.4484127,84.0,479.0
127,84.0,4.0,0.14285715,0.0,0.0,5.1883545,0.58377373,12.0,30.0,4.0,5.0,0.036273655,12.0,151.0,1.7142857,0.0,0.0,0.0040087462,1.7976191,13.714286,0.0,0.0,0.0,0.00010890045,0.0,0.0,0.0,-4.0,-8.0,0.0,0.0,0.0,4.39316,0.0,-1.6533757,2.2918394,1.9313567,2.7157507,4.339706,0.8410214,1.5234787,0.0068761944,3.773017,34.13106,144.0,0.0,0.0,0.33673468,151.0,1152.0
128,84.0,131.0,9.345238,0.0,0.0,3.1063333,23.428175,785.0,52893.0,60.0,84.0,152.97562,785.0,5293.0,7336.0117,0.5301205,-0.46341464,6.456489,63.011906,355.7738,249.0,0.0,0.0,0.18814155,0.0,0.0,0.0,-49.0,-109.0,0.0,0.0,0.0,2.0222769,0.55770504,-0.9109904,5.1982384,3.1282148,3.4228146,12355.947,13.760439,22.977818,21.746004,163.40323,992.17816,616225.0,44.0,-38.0,542.3451,5293.0,29885.0
129,84.0,4.0,0.0952381,0.0,0.0,6.90495,0.4814398,8.0,20.0,4.0,5.0,0.016790044,8.0,71.0,0.7619048,0.0,0.0,0.0027264873,0.8452381,4.8333335,0.0,0.0,0.0,0.0002859251,0.0,0.0,0.0,-4.0,-8.0,0.0,0.0,0.0,5.5157824,0.0,-2.1285186,1.5992833,2.6614285,3.3757796,2.6234303,0.6984303,1.2668616,0.003922597,2.1592839,14.00846,64.0,0.0,0.0,0.22902495,71.0,406.0
130,84.0,1816.0,75.20238,0.0,0.0,5.0308456,250.4064,6317.0,5679433.0,1816.0,2279.0,9968.49,6317.0,39218.0,474031.3,7.9759035,-2.878049,737.58215,466.88095,2668.0833,36015.0,0.0,0.0,10.021847,8.0,132.0,400.0,-1816.0,-3632.0,0.0,0.0,0.0,3.0906353,-0.03626383,-1.9989872,4.2019105,3.2913709,3.5407655,911565.9,298.4139,545.5591,1499.7783,1250.6746,7153.622,39818628.0,662.0,-236.0,61956.9,39218.0,224119.0
131,84.0,14.0,0.7619048,0.0,0.0,4.091676,2.2367094,64.0,464.0,14.0,25.0,0.9723507,64.0,507.0,48.761906,0.060240965,0.024390243,0.058848936,6.035714,39.107143,5.0,0.0,0.0,0.00014090975,0.0,0.0,0.0,-14.0,-28.0,0.0,0.0,0.0,2.636427,0.36634678,-0.41846567,4.245041,2.7904708,3.1242557,83.75921,2.9064662,5.537695,0.14192565,14.317776,100.652695,4096.0,5.0,2.0,4.9433107,507.0,3285.0
132,84.0,17.0,1.5119047,0.0,0.0,2.7680886,3.6387937,127.0,1291.0,15.0,17.0,3.8097022,127.0,1573.0,192.0119,0.012048192,-0.06097561,0.15575229,18.72619,149.58333,1.0,0.0,0.0,0.0016762329,0.0,0.0,0.0,-12.0,-27.0,0.0,0.0,0.0,1.4985914,0.88139826,-1.2375847,6.136627,1.832115,2.6032867,277.51105,3.670894,6.0783925,0.48472023,37.752,360.14288,16129.0,1.0,-5.0,13.083192,1573.0,12565.0
133,84.0,2.0,0.05952381,0.0,0.0,5.608737,0.32380235,5.0,9.0,2.0,2.0,0.006753932,5.0,39.0,0.29761904,0.0,0.0,0.0012333306,0.4642857,2.297619,0.0,0.0,0.0,1.6968459e-05,0.0,0.0,0.0,-2.0,-4.0,0.0,0.0,0.0,5.419264,0.0,-2.371242,1.4554956,2.9028041,3.676061,1.2101953,0.4685213,0.8164966,0.0018445407,1.2936027,7.3201814,25.0,0.0,0.0,0.10359977,39.0,193.0
134,84.0,22.0,2.2857144,0.0,0.0,2.4857166,5.0194116,192.0,2530.0,12.0,17.0,7.6053,192.0,1713.0,438.85715,0.15662651,0.0121951215,0.29636377,20.392857,173.83333,181.0,0.0,0.0,0.0024260113,0.0,0.0,0.0,-6.0,-13.0,0.0,0.0,0.0,1.8621742,1.8665257,0.17643805,5.2374153,2.7101204,2.664493,615.0203,2.5060022,3.7761235,1.0897081,42.64847,358.3655,36864.0,13.0,1.0,24.894558,1713.0,14602.0
135,84.0,22.0,1.3928572,0.0,0.0,3.7172542,3.29665,117.0,1065.0,20.0,19.0,2.4879458,117.0,1402.0,162.96428,0.024096385,-0.085365854,0.12783954,16.690475,161.16667,142.0,0.0,0.0,0.0028480347,0.0,0.0,0.0,-15.0,-35.0,0.0,0.0,0.0,1.8034456,1.0715237,-2.1857097,5.5188513,1.9055077,2.2467005,186.49045,3.499045,5.769655,0.31748375,29.932444,330.02527,13689.0,2.0,-7.0,10.738521,1402.0,13538.0
136,84.0,12.0,0.4047619,0.0,0.0,5.2730966,1.687081,34.0,250.0,12.0,12.0,0.24484389,34.0,301.0,13.761905,0.036144577,-0.1097561,0.033480454,3.5833333,28.380953,1.0,0.0,0.0,0.0014172336,0.0,0.0,0.0,-9.0,-21.0,0.0,0.0,0.0,4.949094,0.9851771,-2.671364,1.762156,2.283303,2.6657677,33.041275,2.1608815,3.5728955,0.050442223,7.530194,65.852684,1156.0,3.0,-9.0,2.8123584,301.0,2384.0
137,84.0,134.0,8.511905,0.0,0.0,3.626451,21.749668,715.0,45349.0,99.0,158.0,114.39987,715.0,6865.0,6086.0117,0.43373495,-0.036585364,5.564482,81.72619,609.7381,472.0,0.0,0.0,0.000585295,0.0,0.0,0.0,-97.0,-196.0,0.0,0.0,0.0,1.8301694,0.58464676,-1.0979065,5.4248004,2.2558138,2.7398953,8691.85,23.090591,42.00131,14.916499,173.93007,1478.8682,511225.0,36.0,-3.0,467.41653,6865.0,51218.0
138,84.0,15152.0,982.6786,144.5,0.0,5.052675,1932.6123,82545.0,391119400.0,13130.0,13580.0,1266095.8,82545.0,4152805.0,79375816.0,1.0843374,-0.29268292,43934.832,49438.156,1315523.0,34487936.0,0.0,2.0,11413.087,73403.5,823216.5,4801684.0,-11102.0,-24232.0,0.0,0.0,0.0,1.0922123,1.5534356,-3.814717,7.3070164,-0.4432687,0.63940513,85916930.0,1926.9467,3297.4653,148762.02,35309.953,1377092.4,6667568600.0,90.0,-24.0,3690526.0,4152805.0,110503940.0
139,84.0,9.0,0.3690476,0.0,0.0,4.594849,1.4292955,31.0,181.0,9.0,11.0,0.25798994,31.0,139.0,11.440476,0.060240965,-0.024390243,0.024030544,1.6547619,6.3333335,0.0,0.0,0.0,0.0018594423,0.0,0.0,0.0,-9.0,-18.0,0.0,0.0,0.0,3.5920737,-0.01931523,-2.2979314,3.3565726,3.84415,4.3334064,27.683823,1.5249902,2.7170045,0.044700403,5.458483,22.65686,961.0,5.0,-2.0,2.0185657,139.0,532.0
