Name,Strategy,RMSE,MAE,Run time (extr),Run time (tsf),Num features,Time/feature,Run time (classif),Total time,MAPE
HouseholdPowerConsumption1,tsfeatures,461.2269619406595,328.7803145233466,0.0,0.0,185.0,0.0,0.06082916259765625,0.06082916259765625,0.25531918431264716
HouseholdPowerConsumption1,tsfeatures + signature,41.007923614579674,32.06713322508787,0.0,0.0,479.0,0.0,0.13773107528686523,0.13773107528686523,0.05398687853609923
HouseholdPowerConsumption1,tsfeatures + signature + catch22,39.95561960802435,30.975831304277694,0.0,0.0,589.0,0.0,0.17268133163452148,0.17268133163452148,0.05365809415569227
HouseholdPowerConsumption1,tsfeatures + signature + catch22 + minirocket,40.70777852542693,31.894652544583245,0.0,0.0,1513.0,0.0,0.5326728820800781,0.5326728820800781,0.029843872147829003
HouseholdPowerConsumption1,tsfeatures + signature + catch22 + minirocket + tsfel,51.073002849947244,33.672644726389,0.0,0.0,3458.0,0.0,1.3236651420593262,1.3236651420593262,0.03279838921623217
HouseholdPowerConsumption1,tsfeatures + signature + catch22 + minirocket + tsfel + featuretools,44.371549114375775,31.839069063392394,0.0,0.0,3704.0,0.0,1.4564082622528076,1.4564082622528076,0.027288361382453098
HouseholdPowerConsumption2,tsfeatures,55.1955056964125,41.298402662875006,0.0,0.0,185.0,0.0,0.060417890548706055,0.060417890548706055,0.3266365791977477
HouseholdPowerConsumption2,tsfeatures + signature,52.979271361709465,39.63291524554828,0.0,0.0,479.0,0.0,0.18209481239318848,0.18209481239318848,0.281368652083477
HouseholdPowerConsumption2,tsfeatures + signature + catch22,52.23270556258187,38.815535991949524,0.0,0.0,589.0,0.0,0.22172141075134277,0.22172141075134277,0.2572674615575726
HouseholdPowerConsumption2,tsfeatures + signature + catch22 + minirocket,49.3983526770554,36.16329714369148,0.0,0.0,1513.0,0.0,0.5714926719665527,0.5714926719665527,0.20209520673678563
HouseholdPowerConsumption2,tsfeatures + signature + catch22 + minirocket + tsfel,47.84642457626436,35.65227661223175,0.0,0.0,3458.0,0.0,1.6886858940124512,1.6886858940124512,0.20447670282562067
HouseholdPowerConsumption2,tsfeatures + signature + catch22 + minirocket + tsfel + featuretools,49.48170302239465,37.6717609671045,0.0,0.0,3704.0,0.0,1.731234073638916,1.731234073638916,0.2193115345144611
BeijingPM25Quality,tsfeatures,133.8218430878,92.16127178975029,0.0,0.0,333.0,0.0,2.508899450302124,2.508899450302124,1.1857158202548
BeijingPM25Quality,tsfeatures + signature,87.14986374057017,55.071850237680124,0.0,0.0,1103.0,0.0,12.270522356033325,12.270522356033325,0.5379981196715203
BeijingPM25Quality,tsfeatures + signature + catch22,88.30390619596965,55.33585578477137,0.0,0.0,1301.0,0.0,14.201993465423584,14.201993465423584,0.5220916129338853
BeijingPM25Quality,tsfeatures + signature + catch22 + minirocket,87.9249775770181,55.440233754847206,0.0,0.0,2225.0,0.0,19.0551540851593,19.0551540851593,0.5359448502204854
BeijingPM25Quality,tsfeatures + signature + catch22 + minirocket + tsfel,87.27677335026685,55.13961965195162,0.0,0.0,3539.0,0.0,32.28181552886963,32.28181552886963,0.5464763972129385
BeijingPM25Quality,tsfeatures + signature + catch22 + minirocket + tsfel + featuretools,85.75976962642575,53.65792393060947,0.0,0.0,3981.0,0.0,38.6022412776947,38.6022412776947,0.5129308410296102
BeijingPM10Quality,tsfeatures,169.79483634692556,115.95166402535658,0.0,0.0,333.0,0.0,2.750960350036621,2.750960350036621,0.8913789296867272
BeijingPM10Quality,tsfeatures + signature,125.96364561970415,78.57628763836651,0.0,0.0,1103.0,0.0,13.413247108459473,13.413247108459473,0.501014817767968
BeijingPM10Quality,tsfeatures + signature + catch22,135.6711376127953,82.1802099835476,0.0,0.0,1301.0,0.0,15.586618423461914,15.586618423461914,0.5417320954526509
BeijingPM10Quality,tsfeatures + signature + catch22 + minirocket,144.23847585164765,85.98870839936609,0.0,0.0,2225.0,0.0,20.320358276367188,20.320358276367188,0.5730353652839786
BeijingPM10Quality,tsfeatures + signature + catch22 + minirocket + tsfel,127.0012339828966,77.06875990612193,0.0,0.0,3539.0,0.0,36.32554483413696,36.32554483413696,0.5077276785543282
BeijingPM10Quality,tsfeatures + signature + catch22 + minirocket + tsfel + featuretools,125.75217453293713,76.55061410459588,0.0,0.0,3981.0,0.0,43.210424184799194,43.210424184799194,0.519200757071647
Covid3Month,tsfeatures,0.06483189203937335,0.04459708648138359,0.0,0.0,37.0,0.0,0.0016522407531738281,0.0016522407531738281,40444486827764.81
Covid3Month,tsfeatures + signature,0.06132469222563562,0.04032603361201091,0.0,0.0,79.0,0.0,0.0026407241821289062,0.0026407241821289062,34235911925023.234
Covid3Month,tsfeatures + signature + catch22,0.06759518407036343,0.04878937518682148,0.0,0.0,101.0,0.0,0.003343820571899414,0.003343820571899414,55087079465901.945
Covid3Month,tsfeatures + signature + catch22 + minirocket,0.0543253799765033,0.03676020949468261,0.0,0.0,1025.0,0.0,0.04623818397521973,0.04623818397521973,50098186816664.14
Covid3Month,tsfeatures + signature + catch22 + minirocket + tsfel,0.05803088962527246,0.03697315544714449,0.0,0.0,1202.0,0.0,0.05504155158996582,0.05504155158996582,46681277019791.54
Covid3Month,tsfeatures + signature + catch22 + minirocket + tsfel + featuretools,0.05424513069190442,0.03467849348137369,0.0,0.0,1252.0,0.0,0.05788707733154297,0.05788707733154297,27721920044116.78
LiveFuelMoistureContent,tsfeatures,61.06706371263746,45.88406950590626,0.0,0.0,259.0,0.0,0.7878930568695068,0.7878930568695068,0.42083922947780206
LiveFuelMoistureContent,tsfeatures + signature,60.05653726175894,45.60932448431356,0.0,0.0,763.0,0.0,3.1443068981170654,3.1443068981170654,0.41436005724424213
LiveFuelMoistureContent,tsfeatures + signature + catch22,58.96565709817526,44.894996658224144,0.0,0.0,917.0,0.0,3.783033847808838,3.783033847808838,0.4082706881006103
LiveFuelMoistureContent,tsfeatures + signature + catch22 + minirocket,60.08575728226864,45.46950326376403,0.0,0.0,1841.0,0.0,6.312052965164185,6.312052965164185,0.4143606554022881
LiveFuelMoistureContent,tsfeatures + signature + catch22 + minirocket + tsfel,58.110968859403926,44.50592713008653,0.0,0.0,4053.0,0.0,16.41931176185608,16.41931176185608,0.40272933064062155
LiveFuelMoistureContent,tsfeatures + signature + catch22 + minirocket + tsfel + featuretools,59.24180769757162,45.50408280227358,0.0,0.0,4397.0,0.0,18.27891445159912,18.27891445159912,0.4131769798967381
FloodModeling1,tsfeatures,0.02172579037773699,0.015534653964609202,0.0,0.0,37.0,0.0,0.008482217788696289,0.008482217788696289,0.03479667648222337
FloodModeling1,tsfeatures + signature,0.022328556115176174,0.011693069692885522,0.0,0.0,79.0,0.0,0.01638007164001465,0.01638007164001465,0.026373676131249097
FloodModeling1,tsfeatures + signature + catch22,0.01649182263821194,0.006227722409928199,0.0,0.0,101.0,0.0,0.016600608825683594,0.016600608825683594,0.01377841632728959
FloodModeling1,tsfeatures + signature + catch22 + minirocket,0.009633121878558219,0.006727721874076541,0.0,0.0,1025.0,0.0,0.20096611976623535,0.20096611976623535,0.015037557775824129
FloodModeling1,tsfeatures + signature + catch22 + minirocket + tsfel,0.009030475989087176,0.005777226521237062,0.0,0.0,1292.0,0.0,0.2666499614715576,0.2666499614715576,0.012942726817335463
FloodModeling1,tsfeatures + signature + catch22 + minirocket + tsfel + featuretools,0.00856339260119075,0.005806930584482627,0.0,0.0,1342.0,0.0,0.2765214443206787,0.2765214443206787,0.012975720837408989
FloodModeling2,tsfeatures,0.012608927616996496,0.003741293181827412,0.0,0.0,37.0,0.0,0.0060460567474365234,0.0060460567474365234,0.014796092858229679
FloodModeling2,tsfeatures + signature,0.00929478384629913,0.0021243775958445536,0.0,0.0,79.0,0.0,0.013572216033935547,0.013572216033935547,0.008199024399201898
FloodModeling2,tsfeatures + signature + catch22,0.009945121788265484,0.0017014920563247072,0.0,0.0,101.0,0.0,0.013583660125732422,0.013583660125732422,0.005892024970019325
FloodModeling2,tsfeatures + signature + catch22 + minirocket,0.010010441000590925,0.0017213928907071773,0.0,0.0,1025.0,0.0,0.15493011474609375,0.15493011474609375,0.005944341087371303
FloodModeling2,tsfeatures + signature + catch22 + minirocket + tsfel,0.012508105109786782,0.002462686146076639,0.0,0.0,1292.0,0.0,0.21845459938049316,0.21845459938049316,0.009870741656684641
FloodModeling2,tsfeatures + signature + catch22 + minirocket + tsfel + featuretools,0.013314599326750769,0.0023333327242391027,0.0,0.0,1342.0,0.0,0.23032236099243164,0.23032236099243164,0.008274146078795322
FloodModeling3,tsfeatures,0.02518194841324207,0.01819565309130627,0.0,0.0,37.0,0.0,0.007299184799194336,0.007299184799194336,0.0440693934344065
FloodModeling3,tsfeatures + signature,0.017521417124328673,0.012510870137940283,0.0,0.0,79.0,0.0,0.011843442916870117,0.011843442916870117,0.030150913468645003
FloodModeling3,tsfeatures + signature + catch22,0.0077034015336839914,0.004918478591286618,0.0,0.0,101.0,0.0,0.014465808868408203,0.014465808868408203,0.011947835331973666
FloodModeling3,tsfeatures + signature + catch22 + minirocket,0.010458511656294738,0.006521740199431129,0.0,0.0,1025.0,0.0,0.17687654495239258,0.17687654495239258,0.015718685784544682
FloodModeling3,tsfeatures + signature + catch22 + minirocket + tsfel,0.011049543112958365,0.006559783349866452,0.0,0.0,1292.0,0.0,0.2367415428161621,0.2367415428161621,0.015589422333431574
FloodModeling3,tsfeatures + signature + catch22 + minirocket + tsfel + featuretools,0.009725025305455501,0.0063478272894154425,0.0,0.0,1342.0,0.0,0.24495744705200195,0.24495744705200195,0.01520465310816719
AppliancesEnergy,tsfeatures,4.079924139718739,3.161904743739537,0.0,0.0,888.0,0.0,0.021518230438232422,0.021518230438232422,0.21692429442962102
AppliancesEnergy,tsfeatures + signature,2.7462562908657904,2.260476214545114,0.0,0.0,5438.0,0.0,0.17724299430847168,0.17724299430847168,0.16387613407861834
AppliancesEnergy,tsfeatures + signature + catch22,2.8849302910794523,2.2904760724022273,0.0,0.0,5966.0,0.0,0.185685396194458,0.185685396194458,0.16581814486995944
AppliancesEnergy,tsfeatures + signature + catch22 + minirocket,3.022465748422177,2.295714083172026,0.0,0.0,6890.0,0.0,0.21306085586547852,0.21306085586547852,0.16495858768533664
AppliancesEnergy,tsfeatures + signature + catch22 + minirocket + tsfel,2.7761776790391592,2.0559522083827426,0.0,0.0,11834.0,0.0,0.35434436798095703,0.35434436798095703,0.1425499149636551
AppliancesEnergy,tsfeatures + signature + catch22 + minirocket + tsfel + featuretools,2.30836609944464,1.787380854288737,0.0,0.0,12834.0,0.0,0.3914785385131836,0.3914785385131836,0.12776397295153089
BenzeneConcentration,tsfeatures,11.928964173521564,9.10111591154098,0.0,0.0,296.0,0.0,0.6480104923248291,0.6480104923248291,2.2580906582102096
BenzeneConcentration,tsfeatures + signature,0.6920871234157621,0.08656507074174875,0.0,0.0,926.0,0.0,1.907472848892212,1.907472848892212,0.011147853882633132
BenzeneConcentration,tsfeatures + signature + catch22,0.7598550850110972,0.09135119145100785,0.0,0.0,1102.0,0.0,2.2056636810302734,2.2056636810302734,0.011596660590786633
BenzeneConcentration,tsfeatures + signature + catch22 + minirocket,0.7385628560624024,0.09344425089779967,0.0,0.0,2026.0,0.0,3.5410914421081543,3.5410914421081543,0.011769400126501066
BenzeneConcentration,tsfeatures + signature + catch22 + minirocket + tsfel,0.7713458466299276,0.10065604092630101,0.0,0.0,4066.0,0.0,8.02661681175232,8.02661681175232,0.01157621743167363
BenzeneConcentration,tsfeatures + signature + catch22 + minirocket + tsfel + featuretools,0.7315838261432279,0.09897634982716406,0.0,0.0,4459.0,0.0,8.927364110946655,8.927364110946655,0.016139120155596275
NewsHeadlineSentiment,tsfeatures,0.19670270578349067,0.1528751164529213,0.0,0.0,111.0,0.0,7.329458236694336,7.329458236694336,14312799497083.2
NewsHeadlineSentiment,tsfeatures + signature,0.19754911211725804,0.15309579416660782,0.0,0.0,251.0,0.0,14.233916759490967,14.233916759490967,14371979841288.086
NewsHeadlineSentiment,tsfeatures + signature + catch22,0.1965738567538909,0.15217550112747288,0.0,0.0,317.0,0.0,16.34661078453064,16.34661078453064,14242925668250.445
NewsHeadlineSentiment,tsfeatures + signature + catch22 + minirocket,0.19451826030795621,0.1513822960926826,0.0,0.0,1241.0,0.0,84.81550240516663,84.81550240516663,14445773123514.555
NewsHeadlineSentiment,tsfeatures + signature + catch22 + minirocket + tsfel,0.19543206984520878,0.15146197138224407,0.0,0.0,1859.0,0.0,145.8951539993286,145.8951539993286,14043654353312.258
NewsHeadlineSentiment,tsfeatures + signature + catch22 + minirocket + tsfel + featuretools,0.19362075373940413,0.14994731273152612,0.0,0.0,2007.0,0.0,174.94266843795776,174.94266843795776,13791086018138.068
NewsTitleSentiment,tsfeatures,0.19162908476675639,0.1437103806710248,0.0,0.0,111.0,0.0,7.027146577835083,7.027146577835083,79964955231957.77
NewsTitleSentiment,tsfeatures + signature,0.18997230003059087,0.1421768690074258,0.0,0.0,251.0,0.0,12.476978540420532,12.476978540420532,78061022529234.95
NewsTitleSentiment,tsfeatures + signature + catch22,0.19085115181274784,0.14326987016441906,0.0,0.0,317.0,0.0,17.814777612686157,17.814777612686157,78885287412153.34
NewsTitleSentiment,tsfeatures + signature + catch22 + minirocket,0.19111188139782642,0.1431580123532867,0.0,0.0,1241.0,0.0,82.78724002838135,82.78724002838135,78572791661312.81
NewsTitleSentiment,tsfeatures + signature + catch22 + minirocket + tsfel,0.18894786744128564,0.14169030453726275,0.0,0.0,1859.0,0.0,141.15712761878967,141.15712761878967,78855159810569.9
NewsTitleSentiment,tsfeatures + signature + catch22 + minirocket + tsfel + featuretools,0.19037482933960456,0.14276316265612882,0.0,0.0,2007.0,0.0,134.90195727348328,134.90195727348328,79266907489229.72
BIDMC32RR,tsfeatures,4.938086074361994,3.6850519359062095,0.0,0.0,74.0,0.0,0.29474806785583496,0.29474806785583496,0.21972543137511982
BIDMC32RR,tsfeatures + signature,4.288249010461845,3.41393440710897,0.0,0.0,158.0,0.0,0.7035577297210693,0.7035577297210693,0.2047307688308412
BIDMC32RR,tsfeatures + signature + catch22,4.6980766803760385,3.5749728251318476,0.0,0.0,202.0,0.0,0.8965370655059814,0.8965370655059814,0.21283870932986376
BIDMC32RR,tsfeatures + signature + catch22 + minirocket,4.034135242080401,3.092649800919552,0.0,0.0,1126.0,0.0,4.80738377571106,4.80738377571106,0.18823474031965406
BIDMC32RR,tsfeatures + signature + catch22 + minirocket + tsfel,3.5570080073298356,2.9144285066071127,0.0,0.0,1904.0,0.0,9.060620307922363,9.060620307922363,0.17202016312260524
BIDMC32RR,tsfeatures + signature + catch22 + minirocket + tsfel + featuretools,4.096718307172954,3.37019132444788,0.0,0.0,2003.0,0.0,9.85538101196289,9.85538101196289,0.21001662586331457
BIDMC32HR,tsfeatures,10.946797877607256,8.26404230929554,0.0,0.0,74.0,0.0,0.27039670944213867,0.27039670944213867,0.09637201095523998
BIDMC32HR,tsfeatures + signature,10.502843371834548,7.727594831179658,0.0,0.0,158.0,0.0,0.674004077911377,0.674004077911377,0.0923387956213348
BIDMC32HR,tsfeatures + signature + catch22,13.819280758978453,8.578769799916632,0.0,0.0,202.0,0.0,0.7939672470092773,0.7939672470092773,0.10413049338394138
BIDMC32HR,tsfeatures + signature + catch22 + minirocket,10.627525051360928,7.011059295539808,0.0,0.0,1126.0,0.0,4.725286483764648,4.725286483764648,0.07828766171376152
BIDMC32HR,tsfeatures + signature + catch22 + minirocket + tsfel,9.493138744680525,6.3066344616958725,0.0,0.0,1904.0,0.0,8.590774774551392,8.590774774551392,0.0719619622247041
BIDMC32HR,tsfeatures + signature + catch22 + minirocket + tsfel + featuretools,10.647383564318028,7.123658295122968,0.0,0.0,2003.0,0.0,9.060363054275513,9.060363054275513,0.08120356237413946
BIDMC32SpO2,tsfeatures,5.081677203586575,3.683314633101113,0.0,0.0,74.0,0.0,0.25754356384277344,0.25754356384277344,0.03972334288311646
BIDMC32SpO2,tsfeatures + signature,4.801858160080235,3.6397336424763576,0.0,0.0,158.0,0.0,0.6225690841674805,0.6225690841674805,0.038812734968407064
BIDMC32SpO2,tsfeatures + signature + catch22,5.5151012090230696,3.9173023880596407,0.0,0.0,202.0,0.0,0.811058521270752,0.811058521270752,0.0424356478635734
BIDMC32SpO2,tsfeatures + signature + catch22 + minirocket,5.461650940836539,4.1803083654342466,0.0,0.0,1126.0,0.0,4.645456314086914,4.645456314086914,0.04519032035889887
BIDMC32SpO2,tsfeatures + signature + catch22 + minirocket + tsfel,5.288255668076589,3.9982744147748734,0.0,0.0,1904.0,0.0,8.47726845741272,8.47726845741272,0.04325334558923672
BIDMC32SpO2,tsfeatures + signature + catch22 + minirocket + tsfel + featuretools,5.461570401870868,3.9369988833034273,0.0,0.0,2003.0,0.0,9.072496891021729,9.072496891021729,0.04277699482508759
IEEEPPG,tsfeatures,33.959443342150486,27.598803893629327,0.0,0.0,185.0,0.0,0.1781005859375,0.1781005859375,0.2861042785818455
IEEEPPG,tsfeatures + signature,37.46837869466289,30.428175007004334,0.0,0.0,479.0,0.0,0.5368390083312988,0.5368390083312988,0.3240867179207039
IEEEPPG,tsfeatures + signature + catch22,34.522626148307744,25.75936745448285,0.0,0.0,589.0,0.0,0.6316044330596924,0.6316044330596924,0.2650391305189222
IEEEPPG,tsfeatures + signature + catch22 + minirocket,32.66955152759235,25.971848861280694,0.0,0.0,1513.0,0.0,1.528815746307373,1.528815746307373,0.2563966321224124
IEEEPPG,tsfeatures + signature + catch22 + minirocket + tsfel,28.772915539046362,21.452796315572346,0.0,0.0,3458.0,0.0,4.199230194091797,4.199230194091797,0.2017240202254613
IEEEPPG,tsfeatures + signature + catch22 + minirocket + tsfel + featuretools,29.93734705854065,22.271172994590668,0.0,0.0,3704.0,0.0,4.5064427852630615,4.5064427852630615,0.20937486107662187
AcousticContaminationMadrid-no-missing,tsfeatures,6.547317587845056,4.993055979410808,0.0,0.0,37.0,0.0,0.002378225326538086,0.002378225326538086,0.060173648071350255
AcousticContaminationMadrid-no-missing,tsfeatures + signature,6.2558633473767635,4.819444126553005,0.0,0.0,79.0,0.0,0.0041348934173583984,0.0041348934173583984,0.05871761625661626
AcousticContaminationMadrid-no-missing,tsfeatures + signature + catch22,7.101965516362344,5.523610644870335,0.0,0.0,101.0,0.0,0.005198001861572266,0.005198001861572266,0.0672895738246248
AcousticContaminationMadrid-no-missing,tsfeatures + signature + catch22 + minirocket,6.007645046335883,4.656943957010905,0.0,0.0,1025.0,0.0,0.05981755256652832,0.05981755256652832,0.05529006171898248
AcousticContaminationMadrid-no-missing,tsfeatures + signature + catch22 + minirocket + tsfel,4.412938849672523,3.3402777777777777,0.0,0.0,1342.0,0.0,0.07423019409179688,0.07423019409179688,0.04094347626434229
AcousticContaminationMadrid-no-missing,tsfeatures + signature + catch22 + minirocket + tsfel + featuretools,4.201437809487724,3.187499682108561,0.0,0.0,1392.0,0.0,0.07724428176879883,0.07724428176879883,0.03880102696710333
AluminiumConcentration,tsfeatures,474.9363627290355,346.3462225697028,0.0,0.0,37.0,0.0,0.007132768630981445,0.007132768630981445,0.4953273501104972
AluminiumConcentration,tsfeatures + signature,391.43619891385356,271.5021315226479,0.0,0.0,79.0,0.0,0.013752460479736328,0.013752460479736328,0.37749641025698033
AluminiumConcentration,tsfeatures + signature + catch22,390.47766569753264,285.633015506482,0.0,0.0,101.0,0.0,0.018150806427001953,0.018150806427001953,0.43666395822403925
AluminiumConcentration,tsfeatures + signature + catch22 + minirocket,420.4133745307365,302.773337984842,0.0,0.0,1025.0,0.0,0.21175742149353027,0.21175742149353027,0.5816366609191458
AluminiumConcentration,tsfeatures + signature + catch22 + minirocket + tsfel,409.39186156959306,291.2080097652617,0.0,0.0,1415.0,0.0,0.28832197189331055,0.28832197189331055,0.549022059823681
AluminiumConcentration,tsfeatures + signature + catch22 + minirocket + tsfel + featuretools,390.5918836194292,279.6999292676411,0.0,0.0,1465.0,0.0,0.2993135452270508,0.2993135452270508,0.5280914649557741
BeijingIntAirportPM25Quality,tsfeatures,96.53682910628235,71.87164550918644,0.0,0.0,222.0,0.0,0.08740067481994629,0.08740067481994629,1.173771361387485
BeijingIntAirportPM25Quality,tsfeatures + signature,77.68627514856006,54.432556470066814,0.0,0.0,614.0,0.0,0.22864770889282227,0.22864770889282227,0.7770820135540747
BeijingIntAirportPM25Quality,tsfeatures + signature + catch22,82.05044546369783,57.36599564148208,0.0,0.0,746.0,0.0,0.2781400680541992,0.2781400680541992,0.8737218285900492
BeijingIntAirportPM25Quality,tsfeatures + signature + catch22 + minirocket,77.79509762414439,55.724929422645246,0.0,0.0,1670.0,0.0,0.5717260837554932,0.5717260837554932,0.7328097636492983
BeijingIntAirportPM25Quality,tsfeatures + signature + catch22 + minirocket + tsfel,80.54852112895134,56.773746288428875,0.0,0.0,2552.0,0.0,1.039522647857666,1.039522647857666,0.819760433971408
BeijingIntAirportPM25Quality,tsfeatures + signature + catch22 + minirocket + tsfel + featuretools,82.08661924600777,57.034781222626314,0.0,0.0,2847.0,0.0,1.2737033367156982,1.2737033367156982,0.8106473451574735
BinanceCoinSentiment,tsfeatures,0.5421456683196454,0.4170443045234756,0.0,0.0,74.0,0.0,0.0043261051177978516,0.0043261051177978516,2850379553470.211
BinanceCoinSentiment,tsfeatures + signature,0.4878723132073642,0.3561658233026915,0.0,0.0,158.0,0.0,0.009738445281982422,0.009738445281982422,40931449478858.68
BinanceCoinSentiment,tsfeatures + signature + catch22,0.47177720747306634,0.36232405009714863,0.0,0.0,202.0,0.0,0.012323856353759766,0.012323856353759766,2850379553470.0093
BinanceCoinSentiment,tsfeatures + signature + catch22 + minirocket,0.4793389027576927,0.37240886310987836,0.0,0.0,1126.0,0.0,0.05851888656616211,0.05851888656616211,12541669780417.32
BinanceCoinSentiment,tsfeatures + signature + catch22 + minirocket + tsfel,0.42254944413030643,0.3217797485899322,0.0,0.0,1418.0,0.0,0.08175325393676758,0.08175325393676758,11230495096626.508
BinanceCoinSentiment,tsfeatures + signature + catch22 + minirocket + tsfel + featuretools,0.4514836355281521,0.34519620428356945,0.0,0.0,1517.0,0.0,0.08834981918334961,0.08834981918334961,11230495096626.426
BitcoinSentiment,tsfeatures,0.34428146452672936,0.2614140015805606,0.0,0.0,74.0,0.0,0.005816221237182617,0.005816221237182617,7.725952342828901
BitcoinSentiment,tsfeatures + signature,0.26887737485045066,0.1925020002608653,0.0,0.0,158.0,0.0,0.014842987060546875,0.014842987060546875,2.9890342774801253
BitcoinSentiment,tsfeatures + signature + catch22,0.30445659251971907,0.2188680015434511,0.0,0.0,202.0,0.0,0.01735997200012207,0.01735997200012207,4.884925004572824
BitcoinSentiment,tsfeatures + signature + catch22 + minirocket,0.27651447316523986,0.19156199982273392,0.0,0.0,1126.0,0.0,0.06568479537963867,0.06568479537963867,4.538011012255477
BitcoinSentiment,tsfeatures + signature + catch22 + minirocket + tsfel,0.25512036661140924,0.18213899871334432,0.0,0.0,1418.0,0.0,0.09854769706726074,0.09854769706726074,3.9704146634626416
BitcoinSentiment,tsfeatures + signature + catch22 + minirocket + tsfel + featuretools,0.27598381202068506,0.19443199943751097,0.0,0.0,1517.0,0.0,0.11011171340942383,0.11011171340942383,4.226521965548585
BoronConcentration,tsfeatures,1.4204466947192917,0.5188276544597218,0.0,0.0,37.0,0.0,0.009100198745727539,0.009100198745727539,62.37382756271788
BoronConcentration,tsfeatures + signature,1.04024112664572,0.412121808145225,0.0,0.0,79.0,0.0,0.019607067108154297,0.019607067108154297,64.85739764144374
BoronConcentration,tsfeatures + signature + catch22,0.9195697996083247,0.3952473388418823,0.0,0.0,101.0,0.0,0.023674726486206055,0.023674726486206055,48.18777257143082
BoronConcentration,tsfeatures + signature + catch22 + minirocket,1.162710081371597,0.4617499984928377,0.0,0.0,1025.0,0.0,0.33560824394226074,0.33560824394226074,46.722262918949816
BoronConcentration,tsfeatures + signature + catch22 + minirocket + tsfel,1.585077946583915,0.4697792535174658,0.0,0.0,1414.0,0.0,0.5021505355834961,0.5021505355834961,42.51223744690791
BoronConcentration,tsfeatures + signature + catch22 + minirocket + tsfel + featuretools,2.016518599347198,0.5727308479365596,0.0,0.0,1464.0,0.0,0.5134835243225098,0.5134835243225098,46.79840451205628
CalciumConcentration,tsfeatures,5066.699461507432,2429.84458532595,0.0,0.0,37.0,0.0,0.009216785430908203,0.009216785430908203,14111.593199042336
CalciumConcentration,tsfeatures + signature,3723.100841838466,1569.974490227744,0.0,0.0,79.0,0.0,0.01762986183166504,0.01762986183166504,4174.658252706109
CalciumConcentration,tsfeatures + signature + catch22,4791.529267830598,2082.9723369110266,0.0,0.0,101.0,0.0,0.027346372604370117,0.027346372604370117,3063.0041312782364
CalciumConcentration,tsfeatures + signature + catch22 + minirocket,2687.2584782160543,1384.5598193334606,0.0,0.0,1025.0,0.0,0.2892932891845703,0.2892932891845703,4174.992078559515
CalciumConcentration,tsfeatures + signature + catch22 + minirocket + tsfel,2197.937515000785,1217.6456896867999,0.0,0.0,1414.0,0.0,0.4776041507720947,0.4776041507720947,6378.945049609517
CalciumConcentration,tsfeatures + signature + catch22 + minirocket + tsfel + featuretools,2166.1598301830695,1192.4183145564211,0.0,0.0,1464.0,0.0,0.4952528476715088,0.4952528476715088,5127.717994305424
CardanoSentiment,tsfeatures,0.479045286548747,0.375133332203735,0.0,0.0,74.0,0.0,0.0013904571533203125,0.0013904571533203125,200301005869926.56
CardanoSentiment,tsfeatures + signature,0.3637950908024628,0.27086060547806096,0.0,0.0,158.0,0.0,0.0032231807708740234,0.0032231807708740234,77148025694892.19
CardanoSentiment,tsfeatures + signature + catch22,0.40870104696611,0.29394545318615256,0.0,0.0,202.0,0.0,0.004024982452392578,0.004024982452392578,92064491853142.6
CardanoSentiment,tsfeatures + signature + catch22 + minirocket,0.4319443770658866,0.32689393777400255,0.0,0.0,1126.0,0.0,0.02116107940673828,0.02116107940673828,55762751077906.05
CardanoSentiment,tsfeatures + signature + catch22 + minirocket + tsfel,0.4396885987769729,0.3386090903571158,0.0,0.0,1420.0,0.0,0.02907562255859375,0.02907562255859375,38075888661599.73
CardanoSentiment,tsfeatures + signature + catch22 + minirocket + tsfel + featuretools,0.405203108978901,0.31576363733884966,0.0,0.0,1519.0,0.0,0.029438018798828125,0.029438018798828125,167165430794179.53
ChilledWaterPredictor,tsfeatures,2391.4354051938635,682.8387408320374,0.0,0.0,148.0,0.0,0.03681755065917969,0.03681755065917969,5.797886924547029e+16
ChilledWaterPredictor,tsfeatures + signature,2270.7128677405562,571.8009466444804,0.0,0.0,358.0,0.0,0.08213973045349121,0.08213973045349121,6.403328223841743e+16
ChilledWaterPredictor,tsfeatures + signature + catch22,4777.333098837243,1205.3903400701593,0.0,0.0,446.0,0.0,0.10060262680053711,0.10060262680053711,8.93726669001306e+17
ChilledWaterPredictor,tsfeatures + signature + catch22 + minirocket,3837.332905397844,945.3064283692022,0.0,0.0,1370.0,0.0,0.278470516204834,0.278470516204834,1.0420715543153803e+17
ChilledWaterPredictor,tsfeatures + signature + catch22 + minirocket + tsfel,4306.710757286342,1055.2952880638388,0.0,0.0,2242.0,0.0,0.5139367580413818,0.5139367580413818,6.3752214785632744e+16
ChilledWaterPredictor,tsfeatures + signature + catch22 + minirocket + tsfel + featuretools,3964.9963191056972,906.2194074079314,0.0,0.0,2439.0,0.0,0.5658631324768066,0.5658631324768066,6.65451433178098e+16
CopperConcentration,tsfeatures,2.7145352978153356,1.3981132090033805,0.0,0.0,37.0,0.0,0.007483005523681641,0.007483005523681641,25.663732368908363
CopperConcentration,tsfeatures + signature,2.4985580907129004,1.3893666504204727,0.0,0.0,79.0,0.0,0.016245126724243164,0.016245126724243164,34.55501965292591
CopperConcentration,tsfeatures + signature + catch22,2.768645833792147,1.524620089244477,0.0,0.0,101.0,0.0,0.019083738327026367,0.019083738327026367,78.14695700399724
CopperConcentration,tsfeatures + signature + catch22 + minirocket,2.447307199641594,1.2349211544108887,0.0,0.0,1025.0,0.0,0.2798783779144287,0.2798783779144287,46.186887429631426
CopperConcentration,tsfeatures + signature + catch22 + minirocket + tsfel,2.3800205811083757,1.229400517132562,0.0,0.0,1414.0,0.0,0.3850984573364258,0.3850984573364258,36.74802087424839
CopperConcentration,tsfeatures + signature + catch22 + minirocket + tsfel + featuretools,2.5762688651756283,1.3685560707845503,0.0,0.0,1464.0,0.0,0.39853882789611816,0.39853882789611816,33.46559120039343
Covid19Andalusia,tsfeatures,0.026419103697411097,0.015640897551483866,0.0,0.0,37.0,0.0,0.002120494842529297,0.002120494842529297,1.6487409680921024
Covid19Andalusia,tsfeatures + signature,0.019512430597538575,0.010949838283141293,0.0,0.0,79.0,0.0,0.0038993358612060547,0.0038993358612060547,0.758475912382165
Covid19Andalusia,tsfeatures + signature + catch22,0.025597078978937083,0.011777808024142418,0.0,0.0,101.0,0.0,0.004764556884765625,0.004764556884765625,0.7781284560958343
Covid19Andalusia,tsfeatures + signature + catch22 + minirocket,0.023853460532499055,0.013781996994023962,0.0,0.0,1025.0,0.0,0.04807639122009277,0.04807639122009277,0.8598144138666081
Covid19Andalusia,tsfeatures + signature + catch22 + minirocket + tsfel,0.02413183125305454,0.013577975125254823,0.0,0.0,1204.0,0.0,0.06486892700195312,0.06486892700195312,1.0093171672946621
Covid19Andalusia,tsfeatures + signature + catch22 + minirocket + tsfel + featuretools,0.023684784134220482,0.012902718580951314,0.0,0.0,1254.0,0.0,0.06818699836730957,0.06818699836730957,0.8694058874014607
DailyOilGasPrices,tsfeatures,2.8599503536301283,2.156287894166749,0.0,0.0,74.0,0.0,0.0027191638946533203,0.0027191638946533203,0.48524271513000444
DailyOilGasPrices,tsfeatures + signature,2.155310121715201,1.5262735650457184,0.0,0.0,158.0,0.0,0.0066852569580078125,0.0066852569580078125,0.3475539291101221
DailyOilGasPrices,tsfeatures + signature + catch22,1.6496502763732206,1.1562591976132885,0.0,0.0,202.0,0.0,0.009611129760742188,0.009611129760742188,0.24885784898383279
DailyOilGasPrices,tsfeatures + signature + catch22 + minirocket,1.8867118329399204,1.221253475238537,0.0,0.0,1126.0,0.0,0.03481292724609375,0.03481292724609375,0.2391068766543331
DailyOilGasPrices,tsfeatures + signature + catch22 + minirocket + tsfel,2.263078180447438,1.410255175212334,0.0,0.0,1424.0,0.0,0.04933023452758789,0.04933023452758789,0.31350018681335307
DailyOilGasPrices,tsfeatures + signature + catch22 + minirocket + tsfel + featuretools,2.0240607026526516,1.3211764241087025,0.0,0.0,1523.0,0.0,0.05403280258178711,0.05403280258178711,0.28238455900988096
DailyTemperatureLatitude,tsfeatures,8.895625748172643,5.32750460795035,0.0,0.0,37.0,0.0,1.04783034324646,1.04783034324646,0.5552249974838561
DailyTemperatureLatitude,tsfeatures + signature,3.8823065631253435,2.0902961889267613,0.0,0.0,79.0,0.0,1.873692274093628,1.873692274093628,0.34963825226349005
DailyTemperatureLatitude,tsfeatures + signature + catch22,3.5965707524166577,1.8398340473349086,0.0,0.0,101.0,0.0,2.3657429218292236,2.3657429218292236,0.3144086297969975
DailyTemperatureLatitude,tsfeatures + signature + catch22 + minirocket,3.4892440520586403,1.811334262408164,0.0,0.0,1025.0,0.0,20.018872499465942,20.018872499465942,0.3199328184020441
DailyTemperatureLatitude,tsfeatures + signature + catch22 + minirocket + tsfel,3.378405309510489,1.7341000585781956,0.0,0.0,1341.0,0.0,31.40957808494568,31.40957808494568,0.3007129100269455
DailyTemperatureLatitude,tsfeatures + signature + catch22 + minirocket + tsfel + featuretools,3.4793184644372,1.7790017374921083,0.0,0.0,1391.0,0.0,32.53244662284851,32.53244662284851,0.31458456870003654
DhakaHourlyAirQuality,tsfeatures,75.20896431060085,55.94471293831793,0.0,0.0,37.0,0.0,0.02351069450378418,0.02351069450378418,0.4594340199973754
DhakaHourlyAirQuality,tsfeatures + signature,4.00601718484446,2.7120909084252496,0.0,0.0,79.0,0.0,0.04432392120361328,0.04432392120361328,0.020394225071244058
DhakaHourlyAirQuality,tsfeatures + signature + catch22,3.5040923017700596,2.542404764516342,0.0,0.0,101.0,0.0,0.05606436729431152,0.05606436729431152,0.018085903273471107
DhakaHourlyAirQuality,tsfeatures + signature + catch22 + minirocket,3.624819381259166,2.507380867925819,0.0,0.0,1025.0,0.0,0.4237678050994873,0.4237678050994873,0.017744737990810833
DhakaHourlyAirQuality,tsfeatures + signature + catch22 + minirocket + tsfel,3.7501852378060825,2.2530193236714977,0.0,0.0,1171.0,0.0,0.5321874618530273,0.5321874618530273,0.017117851802856618
DhakaHourlyAirQuality,tsfeatures + signature + catch22 + minirocket + tsfel + featuretools,3.3775781333247865,2.0914518168966936,0.0,0.0,1221.0,0.0,0.5792992115020752,0.5792992115020752,0.014906044229773442
ElectricityPredictor,tsfeatures,679.7046056401588,311.8581342344544,0.0,0.0,148.0,0.0,0.05247640609741211,0.05247640609741211,34.61819055624303
ElectricityPredictor,tsfeatures + signature,704.7868178805695,347.2501448300579,0.0,0.0,358.0,0.0,0.18517804145812988,0.18517804145812988,85.53117165139665
ElectricityPredictor,tsfeatures + signature + catch22,627.7696254228933,256.71316446897424,0.0,0.0,446.0,0.0,0.15264534950256348,0.15264534950256348,33.77670505407531
ElectricityPredictor,tsfeatures + signature + catch22 + minirocket,628.3163236139546,261.84492132055414,0.0,0.0,1370.0,0.0,0.4100174903869629,0.4100174903869629,31.171029736918843
ElectricityPredictor,tsfeatures + signature + catch22 + minirocket + tsfel,614.9736972673163,248.75791282510315,0.0,0.0,2242.0,0.0,0.7223591804504395,0.7223591804504395,31.907988741657114
ElectricityPredictor,tsfeatures + signature + catch22 + minirocket + tsfel + featuretools,618.6641225801079,251.28202674314073,0.0,0.0,2439.0,0.0,0.8083665370941162,0.8083665370941162,27.938590473785602
ElectricMotorTemperature,tsfeatures,16.329555917341473,11.52742413419633,0.0,0.0,222.0,0.0,2.516686201095581,2.516686201095581,0.21188720983385817
ElectricMotorTemperature,tsfeatures + signature,8.583526943009423,4.902032251982334,0.0,0.0,614.0,0.0,8.921903133392334,8.921903133392334,0.08500773268725162
ElectricMotorTemperature,tsfeatures + signature + catch22,8.735113116382053,4.910172231830629,0.0,0.0,746.0,0.0,10.130770444869995,10.130770444869995,0.08560358448901374
ElectricMotorTemperature,tsfeatures + signature + catch22 + minirocket,8.33383843146068,4.839951393925399,0.0,0.0,1670.0,0.0,17.08031415939331,17.08031415939331,0.08431430261698454
ElectricMotorTemperature,tsfeatures + signature + catch22 + minirocket + tsfel,8.180667932798647,4.770338335747644,0.0,0.0,2654.0,0.0,31.45331382751465,31.45331382751465,0.0830275398258486
ElectricMotorTemperature,tsfeatures + signature + catch22 + minirocket + tsfel + featuretools,7.795601807467064,4.501245332176834,0.0,0.0,2949.0,0.0,36.86791276931763,36.86791276931763,0.07814537009250802
EthereumSentiment,tsfeatures,0.3799222194240619,0.29603271027069505,0.0,0.0,74.0,0.0,0.005916118621826172,0.005916118621826172,45726266772012.81
EthereumSentiment,tsfeatures + signature,0.27430545537163126,0.2211560743956644,0.0,0.0,158.0,0.0,0.013461828231811523,0.013461828231811523,31125344192608.88
EthereumSentiment,tsfeatures + signature + catch22,0.3413183843144424,0.26052149449623074,0.0,0.0,202.0,0.0,0.01775527000427246,0.01775527000427246,43718588762515.27
EthereumSentiment,tsfeatures + signature + catch22 + minirocket,0.2857757100361158,0.21851214933618207,0.0,0.0,1126.0,0.0,0.0737001895904541,0.0737001895904541,26503894468398.566
EthereumSentiment,tsfeatures + signature + catch22 + minirocket + tsfel,0.297127652476441,0.23017850430316736,0.0,0.0,1418.0,0.0,0.11130976676940918,0.11130976676940918,63370277479855.914
EthereumSentiment,tsfeatures + signature + catch22 + minirocket + tsfel + featuretools,0.33098158115959764,0.2578794386098597,0.0,0.0,1517.0,0.0,0.12211894989013672,0.12211894989013672,78362634773629.66
GasSensorArrayAcetone,tsfeatures,0.26497978414975637,0.12071428724697658,0.0,0.0,37.0,0.0,0.0036766529083251953,0.0036766529083251953,115806849765961.48
GasSensorArrayAcetone,tsfeatures + signature,0.31316358237009756,0.15500000215002468,0.0,0.0,79.0,0.0,0.008897066116333008,0.008897066116333008,193011414998338.47
GasSensorArrayAcetone,tsfeatures + signature + catch22,0.3192625427095707,0.16357142973159042,0.0,0.0,101.0,0.0,0.009723663330078125,0.009723663330078125,234830553820131.2
GasSensorArrayAcetone,tsfeatures + signature + catch22 + minirocket,0.23114621348773323,0.11285714491137437,0.0,0.0,1025.0,0.0,0.11348938941955566,0.11348938941955566,160842846710755.16
GasSensorArrayAcetone,tsfeatures + signature + catch22 + minirocket + tsfel,0.3266715249317884,0.1714285725461585,0.0,0.0,1414.0,0.0,0.19063138961791992,0.19063138961791992,193011414279314.97
GasSensorArrayAcetone,tsfeatures + signature + catch22 + minirocket + tsfel + featuretools,0.30260771340764053,0.1500000011175871,0.0,0.0,1464.0,0.0,0.17768478393554688,0.17768478393554688,102939421827774.78
GasSensorArrayEthanol,tsfeatures,0.2796681702830712,0.11928571505205972,0.0,0.0,37.0,0.0,0.003459453582763672,0.003459453582763672,61120282286958.03
GasSensorArrayEthanol,tsfeatures + signature,0.3055440117335065,0.1521428589309965,0.0,0.0,79.0,0.0,0.007195472717285156,0.007195472717285156,99722566341193.58
GasSensorArrayEthanol,tsfeatures + signature + catch22,0.2884688643573896,0.14357143017862525,0.0,0.0,101.0,0.0,0.008748531341552734,0.008748531341552734,96505709176891.02
GasSensorArrayEthanol,tsfeatures + signature + catch22 + minirocket,0.275939952083111,0.11714285819658211,0.0,0.0,1025.0,0.0,0.10495209693908691,0.10495209693908691,102939420869076.55
GasSensorArrayEthanol,tsfeatures + signature + catch22 + minirocket + tsfel,0.27150374977942876,0.11285714427275317,0.0,0.0,1414.0,0.0,0.1462087631225586,0.1462087631225586,102939422307123.66
GasSensorArrayEthanol,tsfeatures + signature + catch22 + minirocket + tsfel + featuretools,0.26335744403299827,0.1050000013517482,0.0,0.0,1464.0,0.0,0.1403651237487793,0.1403651237487793,102939422067449.03
HotwaterPredictor,tsfeatures,1551.408004293572,955.5465951685635,0.0,0.0,148.0,0.0,0.016663551330566406,0.016663551330566406,6.008678519278969
HotwaterPredictor,tsfeatures + signature,1463.4509453799258,793.5849048056692,0.0,0.0,358.0,0.0,0.047115325927734375,0.047115325927734375,3.4870222704206184
HotwaterPredictor,tsfeatures + signature + catch22,1317.943408583538,760.2931928859567,0.0,0.0,446.0,0.0,0.05985450744628906,0.05985450744628906,3.5759351950929896
HotwaterPredictor,tsfeatures + signature + catch22 + minirocket,1260.491861436609,806.6637301849869,0.0,0.0,1370.0,0.0,0.16000890731811523,0.16000890731811523,3.9056292591978097
HotwaterPredictor,tsfeatures + signature + catch22 + minirocket + tsfel,1428.292637738283,836.3057391283647,0.0,0.0,2242.0,0.0,0.28105902671813965,0.28105902671813965,5.811919047635182
HotwaterPredictor,tsfeatures + signature + catch22 + minirocket + tsfel + featuretools,1497.538060230908,922.7016731793026,0.0,0.0,2439.0,0.0,0.30881595611572266,0.30881595611572266,6.45286803477039
IronConcentration,tsfeatures,100.92050311726803,66.81048887449762,0.0,0.0,37.0,0.0,0.008967876434326172,0.008967876434326172,0.7425443737409453
IronConcentration,tsfeatures + signature,110.93648333782409,74.23103214346844,0.0,0.0,79.0,0.0,0.01721787452697754,0.01721787452697754,0.7933207462868346
IronConcentration,tsfeatures + signature + catch22,88.01166994748603,60.12021730257117,0.0,0.0,101.0,0.0,0.02077507972717285,0.02077507972717285,0.6206358641612097
IronConcentration,tsfeatures + signature + catch22 + minirocket,106.78438426006134,68.22836915306424,0.0,0.0,1025.0,0.0,0.26871490478515625,0.26871490478515625,0.7355746451606019
IronConcentration,tsfeatures + signature + catch22 + minirocket + tsfel,95.92838894232533,60.62744518984919,0.0,0.0,1414.0,0.0,0.3776359558105469,0.3776359558105469,0.5755597439679241
IronConcentration,tsfeatures + signature + catch22 + minirocket + tsfel + featuretools,95.82962119278658,61.192336455635406,0.0,0.0,1464.0,0.0,0.3822150230407715,0.3822150230407715,0.6045520491934715
LPGasMonitoringHomeActivity,tsfeatures,1.8278889256608386,1.321414820996323,0.0,0.0,37.0,0.0,0.06532692909240723,0.06532692909240723,0.15951482956207255
LPGasMonitoringHomeActivity,tsfeatures + signature,1.8147003469980505,1.2504757418108814,0.0,0.0,79.0,0.0,0.1304612159729004,0.1304612159729004,0.15514323471488436
LPGasMonitoringHomeActivity,tsfeatures + signature + catch22,1.9577354232143986,1.3506927476452955,0.0,0.0,101.0,0.0,0.15449810028076172,0.15449810028076172,0.16440183758843013
LPGasMonitoringHomeActivity,tsfeatures + signature + catch22 + minirocket,1.800871424011482,1.306772990309434,0.0,0.0,1025.0,0.0,1.040522575378418,1.040522575378418,0.16059274064331747
LPGasMonitoringHomeActivity,tsfeatures + signature + catch22 + minirocket + tsfel,1.7997171689862417,1.2726157739672357,0.0,0.0,1209.0,0.0,1.6099658012390137,1.6099658012390137,0.1588876397015941
LPGasMonitoringHomeActivity,tsfeatures + signature + catch22 + minirocket + tsfel + featuretools,1.7970618657731037,1.2491229013211465,0.0,0.0,1259.0,0.0,1.6376752853393555,1.6376752853393555,0.15635373497476632
MadridPM10Quality-no-missing,tsfeatures,15.52118676789193,11.912602877352866,0.0,0.0,111.0,0.0,0.3665783405303955,0.3665783405303955,0.4673042318433959
MadridPM10Quality-no-missing,tsfeatures + signature,13.273193249428823,9.906224539145633,0.0,0.0,251.0,0.0,1.0221030712127686,1.0221030712127686,0.37930339848435796
MadridPM10Quality-no-missing,tsfeatures + signature + catch22,12.919359329856166,9.880016346418577,0.0,0.0,317.0,0.0,1.1563384532928467,1.1563384532928467,0.3794349700940692
MadridPM10Quality-no-missing,tsfeatures + signature + catch22 + minirocket,12.912448250875403,9.633487395845357,0.0,0.0,1241.0,0.0,3.8399131298065186,3.8399131298065186,0.36373461427682136
MadridPM10Quality-no-missing,tsfeatures + signature + catch22 + minirocket + tsfel,12.546557963109391,9.504104010463047,0.0,0.0,1895.0,0.0,6.858217716217041,6.858217716217041,0.3652769922131904
MadridPM10Quality-no-missing,tsfeatures + signature + catch22 + minirocket + tsfel + featuretools,12.66939919001822,9.494377232653967,0.0,0.0,2043.0,0.0,7.75841498374939,7.75841498374939,0.3642965342024787
MagnesiumConcentration,tsfeatures,366.42468363418743,150.58493890858102,0.0,0.0,37.0,0.0,0.0300905704498291,0.0300905704498291,0.6064898530840761
MagnesiumConcentration,tsfeatures + signature,247.7659033282095,116.40640347385263,0.0,0.0,79.0,0.0,0.06658124923706055,0.06658124923706055,0.5078208273587121
MagnesiumConcentration,tsfeatures + signature + catch22,304.9134877086037,126.37707161429246,0.0,0.0,101.0,0.0,0.0839381217956543,0.0839381217956543,0.494263222516732
MagnesiumConcentration,tsfeatures + signature + catch22 + minirocket,236.3222320314895,106.16270991255527,0.0,0.0,1025.0,0.0,1.2163963317871094,1.2163963317871094,0.4113302275970843
MagnesiumConcentration,tsfeatures + signature + catch22 + minirocket + tsfel,191.9487157960923,92.02481599773527,0.0,0.0,1414.0,0.0,1.7173619270324707,1.7173619270324707,0.4576955224240121
MagnesiumConcentration,tsfeatures + signature + catch22 + minirocket + tsfel + featuretools,280.1987553310623,115.100493363379,0.0,0.0,1464.0,0.0,1.7652080059051514,1.7652080059051514,0.5315409376489348
ManganeseConcentration,tsfeatures,165.34107852244082,114.88821753017281,0.0,0.0,37.0,0.0,0.007284641265869141,0.007284641265869141,7.428094757738627
ManganeseConcentration,tsfeatures + signature,131.27839578791327,83.5114890291639,0.0,0.0,79.0,0.0,0.013301610946655273,0.013301610946655273,4.125882194130563
ManganeseConcentration,tsfeatures + signature + catch22,131.64308367472728,85.96369564954354,0.0,0.0,101.0,0.0,0.017213821411132812,0.017213821411132812,3.38275452975991
ManganeseConcentration,tsfeatures + signature + catch22 + minirocket,123.86153442074077,78.30672291860633,0.0,0.0,1025.0,0.0,0.2607917785644531,0.2607917785644531,4.545359918963987
ManganeseConcentration,tsfeatures + signature + catch22 + minirocket + tsfel,115.54377849175654,77.7919076444662,0.0,0.0,1414.0,0.0,0.3590672016143799,0.3590672016143799,4.206506771481783
ManganeseConcentration,tsfeatures + signature + catch22 + minirocket + tsfel + featuretools,116.05962432652423,80.92973901169455,0.0,0.0,1464.0,0.0,0.3728444576263428,0.3728444576263428,4.045527044522083
MethaneMonitoringHomeActivity,tsfeatures,0.9234727767517762,0.639058868320002,0.0,0.0,37.0,0.0,0.08002686500549316,0.08002686500549316,0.053001106775319023
MethaneMonitoringHomeActivity,tsfeatures + signature,0.7926226282608048,0.5215562247127467,0.0,0.0,79.0,0.0,0.1662757396697998,0.1662757396697998,0.04329040371252673
MethaneMonitoringHomeActivity,tsfeatures + signature + catch22,0.8198017296896524,0.5165282354189481,0.0,0.0,101.0,0.0,0.19626498222351074,0.19626498222351074,0.0427787266146233
MethaneMonitoringHomeActivity,tsfeatures + signature + catch22 + minirocket,0.714625737236362,0.4845237048375124,0.0,0.0,1025.0,0.0,1.254821538925171,1.254821538925171,0.04030399473989695
MethaneMonitoringHomeActivity,tsfeatures + signature + catch22 + minirocket + tsfel,0.768204800049012,0.5055087569132016,0.0,0.0,1209.0,0.0,1.779862403869629,1.779862403869629,0.042015133833870635
MethaneMonitoringHomeActivity,tsfeatures + signature + catch22 + minirocket + tsfel + featuretools,0.7512479757758416,0.4906438143956179,0.0,0.0,1259.0,0.0,1.9428670406341553,1.9428670406341553,0.04078991500003951
MetroInterstateTrafficVolume,tsfeatures,795.4359202578872,609.383785216449,0.0,0.0,148.0,0.0,0.04374289512634277,0.04374289512634277,0.203944796270193
MetroInterstateTrafficVolume,tsfeatures + signature,729.696448075722,571.5347062620398,0.0,0.0,358.0,0.0,0.09703493118286133,0.09703493118286133,0.19335477290446704
MetroInterstateTrafficVolume,tsfeatures + signature + catch22,781.3562833987478,588.3006961352205,0.0,0.0,446.0,0.0,0.12289834022521973,0.12289834022521973,0.19973969238184452
MetroInterstateTrafficVolume,tsfeatures + signature + catch22 + minirocket,746.9511757784971,573.8495446610124,0.0,0.0,1370.0,0.0,0.4066643714904785,0.4066643714904785,0.19025522220595772
MetroInterstateTrafficVolume,tsfeatures + signature + catch22 + minirocket + tsfel,701.8301784871263,551.8368751003318,0.0,0.0,1954.0,0.0,0.6975176334381104,0.6975176334381104,0.18517368297630096
MetroInterstateTrafficVolume,tsfeatures + signature + catch22 + minirocket + tsfel + featuretools,693.5890083038325,537.1376754133669,0.0,0.0,2151.0,0.0,0.8287591934204102,0.8287591934204102,0.1796327163941325
NaturalGasPricesSentiment,tsfeatures,0.10237764212519689,0.08143873459526471,0.0,0.0,37.0,0.0,0.0008037090301513672,0.0008037090301513672,0.3477816389518803
NaturalGasPricesSentiment,tsfeatures + signature,0.10071031812083665,0.07878119525100503,0.0,0.0,79.0,0.0,0.0013251304626464844,0.0013251304626464844,0.3025770544337494
NaturalGasPricesSentiment,tsfeatures + signature + catch22,0.09065163334253568,0.06909432182354587,0.0,0.0,101.0,0.0,0.0015721321105957031,0.0015721321105957031,0.2716507636388567
NaturalGasPricesSentiment,tsfeatures + signature + catch22 + minirocket,0.08635588668910514,0.06553943242345538,0.0,0.0,1025.0,0.0,0.011401176452636719,0.011401176452636719,0.26961666211719515
NaturalGasPricesSentiment,tsfeatures + signature + catch22 + minirocket + tsfel,0.07670874585616706,0.06058036083621638,0.0,0.0,1169.0,0.0,0.01735401153564453,0.01735401153564453,0.20647223284708538
NaturalGasPricesSentiment,tsfeatures + signature + catch22 + minirocket + tsfel + featuretools,0.08621589322512947,0.06940491337861333,0.0,0.0,1219.0,0.0,0.01867222785949707,0.01867222785949707,0.2392768972491926
OccupancyDetectionLight,tsfeatures,193.5876721084304,106.27846995169676,0.0,0.0,111.0,0.0,0.007657289505004883,0.007657289505004883,7.546200157474952e+16
OccupancyDetectionLight,tsfeatures + signature,130.29114955607696,62.28061718616671,0.0,0.0,251.0,0.0,0.024942636489868164,0.024942636489868164,2.2463816457234056e+16
OccupancyDetectionLight,tsfeatures + signature + catch22,128.80367873267522,58.6339413442658,0.0,0.0,317.0,0.0,0.031258583068847656,0.031258583068847656,2.0809436417330604e+16
OccupancyDetectionLight,tsfeatures + signature + catch22 + minirocket,97.02497699653233,43.90434032736473,0.0,0.0,1241.0,0.0,0.0882411003112793,0.0882411003112793,7755434163725163.0
OccupancyDetectionLight,tsfeatures + signature + catch22 + minirocket + tsfel,102.56020999399557,47.48596906633053,0.0,0.0,1733.0,0.0,0.1455855369567871,0.1455855369567871,1.1540911233975704e+16
OccupancyDetectionLight,tsfeatures + signature + catch22 + minirocket + tsfel + featuretools,98.53497682903473,43.13418914710434,0.0,0.0,1881.0,0.0,0.16889119148254395,0.16889119148254395,7525772524455797.0
ParkingBirmingham-equal-length,tsfeatures,0.2414935445817318,0.17618642039784235,0.0,0.0,37.0,0.0,0.019065380096435547,0.019065380096435547,0.5841788626843629
ParkingBirmingham-equal-length,tsfeatures + signature,0.1800274864258028,0.108020695247742,0.0,0.0,79.0,0.0,0.04745292663574219,0.04745292663574219,0.3304534727443813
ParkingBirmingham-equal-length,tsfeatures + signature + catch22,0.1824532048945996,0.10828385630644347,0.0,0.0,101.0,0.0,0.056525468826293945,0.056525468826293945,0.32645950433908394
ParkingBirmingham-equal-length,tsfeatures + signature + catch22 + minirocket,0.18800371144051414,0.11275953113084262,0.0,0.0,1025.0,0.0,0.3015437126159668,0.3015437126159668,0.3566162764965942
ParkingBirmingham-equal-length,tsfeatures + signature + catch22 + minirocket + tsfel,0.1645602127338851,0.09899367486911403,0.0,0.0,1166.0,0.0,0.4346277713775635,0.4346277713775635,0.2891912680745163
ParkingBirmingham-equal-length,tsfeatures + signature + catch22 + minirocket + tsfel + featuretools,0.16602407027888516,0.10170523500322697,0.0,0.0,1216.0,0.0,0.4958493709564209,0.4958493709564209,0.29794761455266777
PhosphorusConcentration,tsfeatures,26.22069497504935,10.443688861910184,0.0,0.0,37.0,0.0,0.04248690605163574,0.04248690605163574,10.147420004542576
PhosphorusConcentration,tsfeatures + signature,33.21369070619414,10.673484447358556,0.0,0.0,79.0,0.0,0.10312724113464355,0.10312724113464355,3.476423815292961
PhosphorusConcentration,tsfeatures + signature + catch22,29.664928844769246,10.501751087162194,0.0,0.0,101.0,0.0,0.12635183334350586,0.12635183334350586,341.735309266576
PhosphorusConcentration,tsfeatures + signature + catch22 + minirocket,25.40251210617523,8.624299252326082,0.0,0.0,1025.0,0.0,1.987375020980835,1.987375020980835,15.491819590173934
PhosphorusConcentration,tsfeatures + signature + catch22 + minirocket + tsfel,28.899291878777934,10.133890382706326,0.0,0.0,1414.0,0.0,3.260150194168091,3.260150194168091,16.29313040808849
PhosphorusConcentration,tsfeatures + signature + catch22 + minirocket + tsfel + featuretools,25.009402350632158,9.206896307540505,0.0,0.0,1464.0,0.0,3.566906213760376,3.566906213760376,4.587337697082328
PotassiumConcentration,tsfeatures,261.6170184073605,89.71679212658573,0.0,0.0,37.0,0.0,0.033499717712402344,0.033499717712402344,0.8195617764242602
PotassiumConcentration,tsfeatures + signature,296.8467497936303,98.09487900676928,0.0,0.0,79.0,0.0,0.07201600074768066,0.07201600074768066,0.8526325327711851
PotassiumConcentration,tsfeatures + signature + catch22,387.21982216444303,106.29799247892805,0.0,0.0,101.0,0.0,0.09214615821838379,0.09214615821838379,1.36828237030134
PotassiumConcentration,tsfeatures + signature + catch22 + minirocket,180.65846758149482,76.85427987842816,0.0,0.0,1025.0,0.0,1.358527660369873,1.358527660369873,0.6472538020622912
PotassiumConcentration,tsfeatures + signature + catch22 + minirocket + tsfel,189.22902914586768,78.59458898428844,0.0,0.0,1414.0,0.0,1.928525447845459,1.928525447845459,0.6814159689538918
PotassiumConcentration,tsfeatures + signature + catch22 + minirocket + tsfel + featuretools,265.303469976758,91.12634251719989,0.0,0.0,1464.0,0.0,2.0128087997436523,2.0128087997436523,0.7516278212652149
PrecipitationAndalusia-no-missing,tsfeatures,0.7247964138521066,0.502400145967408,0.0,0.0,148.0,0.0,0.027203798294067383,0.027203798294067383,0.3633118278490122
PrecipitationAndalusia-no-missing,tsfeatures + signature,0.6257074001355983,0.3970674413560641,0.0,0.0,358.0,0.0,0.07973575592041016,0.07973575592041016,0.29533032288505445
PrecipitationAndalusia-no-missing,tsfeatures + signature + catch22,0.6444602079932518,0.4062619209289551,0.0,0.0,446.0,0.0,0.10087966918945312,0.10087966918945312,0.29574389743849033
PrecipitationAndalusia-no-missing,tsfeatures + signature + catch22 + minirocket,0.6052891537513505,0.4006594726354769,0.0,0.0,1370.0,0.0,0.276979923248291,0.276979923248291,0.29124163043791856
PrecipitationAndalusia-no-missing,tsfeatures + signature + catch22 + minirocket + tsfel,0.6523119562125351,0.4245770374442091,0.0,0.0,2634.0,0.0,0.6291124820709229,0.6291124820709229,0.30900267372895235
PrecipitationAndalusia-no-missing,tsfeatures + signature + catch22 + minirocket + tsfel + featuretools,0.6695384096249389,0.42890638334326225,0.0,0.0,2831.0,0.0,0.6989047527313232,0.6989047527313232,0.32444341689517264
SierraNevadaMountainsSnow,tsfeatures,112.90889158356276,61.58015340010325,0.0,0.0,111.0,0.0,0.012065887451171875,0.012065887451171875,3.3338046393666764e+16
SierraNevadaMountainsSnow,tsfeatures + signature,44.12818776350176,24.39735340913137,0.0,0.0,251.0,0.0,0.03467512130737305,0.03467512130737305,2380902980096711.0
SierraNevadaMountainsSnow,tsfeatures + signature + catch22,51.177559463797,26.45142028649648,0.0,0.0,317.0,0.0,0.036875247955322266,0.036875247955322266,2894913871397520.0
SierraNevadaMountainsSnow,tsfeatures + signature + catch22 + minirocket,55.60274627021968,25.37878016312917,0.0,0.0,1241.0,0.0,0.12555265426635742,0.12555265426635742,1733885856537641.5
SierraNevadaMountainsSnow,tsfeatures + signature + catch22 + minirocket + tsfel,57.39013184256251,25.713347001075746,0.0,0.0,1688.0,0.0,0.1759026050567627,0.1759026050567627,2126899959967689.8
SierraNevadaMountainsSnow,tsfeatures + signature + catch22 + minirocket + tsfel + featuretools,58.94983196781739,27.573180047671,0.0,0.0,1836.0,0.0,0.19934606552124023,0.19934606552124023,2353881422418849.0
SodiumConcentration,tsfeatures,1334.4929464709214,191.47300606314602,0.0,0.0,37.0,0.0,0.011107921600341797,0.011107921600341797,50.8380299015428
SodiumConcentration,tsfeatures + signature,935.4641394446918,102.76857968399433,0.0,0.0,79.0,0.0,0.020765066146850586,0.020765066146850586,2.9261541220815763
SodiumConcentration,tsfeatures + signature + catch22,937.9535214669036,113.81683126140814,0.0,0.0,101.0,0.0,0.029672861099243164,0.029672861099243164,4.928231178534401
SodiumConcentration,tsfeatures + signature + catch22 + minirocket,1625.0577042152954,255.0701100653638,0.0,0.0,1025.0,0.0,0.4767613410949707,0.4767613410949707,4.883710612383982
SodiumConcentration,tsfeatures + signature + catch22 + minirocket + tsfel,225.60981588835924,56.33715861449476,0.0,0.0,1414.0,0.0,0.6945698261260986,0.6945698261260986,2.062259948785129
SodiumConcentration,tsfeatures + signature + catch22 + minirocket + tsfel + featuretools,204.9904229230432,51.323169472113335,0.0,0.0,1464.0,0.0,0.7234301567077637,0.7234301567077637,2.0525980643362085
SolarRadiationAndalusia-no-missing,tsfeatures,0.9894458712570547,0.784879202889924,0.0,0.0,74.0,0.0,0.01773667335510254,0.01773667335510254,0.04373038212001113
SolarRadiationAndalusia-no-missing,tsfeatures + signature,0.860833052635174,0.664422063544245,0.0,0.0,158.0,0.0,0.04450726509094238,0.04450726509094238,0.03719793673196358
SolarRadiationAndalusia-no-missing,tsfeatures + signature + catch22,0.8934897982698489,0.6972492709018216,0.0,0.0,202.0,0.0,0.05244302749633789,0.05244302749633789,0.03899841603864515
SolarRadiationAndalusia-no-missing,tsfeatures + signature + catch22 + minirocket,0.8982697645033766,0.676422638468223,0.0,0.0,1126.0,0.0,0.24545049667358398,0.24545049667358398,0.037883297124014115
SolarRadiationAndalusia-no-missing,tsfeatures + signature + catch22 + minirocket + tsfel,0.9407876446076837,0.7430498104284305,0.0,0.0,1758.0,0.0,0.48815035820007324,0.48815035820007324,0.04145062643000886
SolarRadiationAndalusia-no-missing,tsfeatures + signature + catch22 + minirocket + tsfel + featuretools,0.9089824543059111,0.6965896681983872,0.0,0.0,1857.0,0.0,0.4962468147277832,0.4962468147277832,0.038897447989557875
SteamPredictor,tsfeatures,44428.19929993655,15368.525144873725,0.0,0.0,148.0,0.0,0.02420496940612793,0.02420496940612793,35.63506572747946
SteamPredictor,tsfeatures + signature,31961.483000243745,9416.82961646186,0.0,0.0,358.0,0.0,0.04141736030578613,0.04141736030578613,2.8919351592085745
SteamPredictor,tsfeatures + signature + catch22,41612.52472154345,12157.412665049234,0.0,0.0,446.0,0.0,0.04595470428466797,0.04595470428466797,2.6345360264399473
SteamPredictor,tsfeatures + signature + catch22 + minirocket,38773.212926204644,11044.510555013021,0.0,0.0,1370.0,0.0,0.19329452514648438,0.19329452514648438,6.170429491962212
SteamPredictor,tsfeatures + signature + catch22 + minirocket + tsfel,32255.418442643906,7849.019328223334,0.0,0.0,2242.0,0.0,0.32691407203674316,0.32691407203674316,1.0771278002466511
SteamPredictor,tsfeatures + signature + catch22 + minirocket + tsfel + featuretools,39023.03849487068,11474.683876715766,0.0,0.0,2439.0,0.0,0.3652205467224121,0.3652205467224121,6.37178927477757
SulphurConcentration,tsfeatures,310.5427643286465,44.372780102709825,0.0,0.0,37.0,0.0,0.011917352676391602,0.011917352676391602,1.0914966134433688
SulphurConcentration,tsfeatures + signature,319.76599060085204,51.337994739647314,0.0,0.0,79.0,0.0,0.02309393882751465,0.02309393882751465,3.4226342928893128
SulphurConcentration,tsfeatures + signature + catch22,418.9300944094749,89.41544517047743,0.0,0.0,101.0,0.0,0.027464628219604492,0.027464628219604492,5.866780620305603
SulphurConcentration,tsfeatures + signature + catch22 + minirocket,385.7218116542292,64.86939847968635,0.0,0.0,1025.0,0.0,0.44316577911376953,0.44316577911376953,3.96020141677452
SulphurConcentration,tsfeatures + signature + catch22 + minirocket + tsfel,309.87672235139496,43.17280626796303,0.0,0.0,1414.0,0.0,0.5961310863494873,0.5961310863494873,0.8845112761731333
SulphurConcentration,tsfeatures + signature + catch22 + minirocket + tsfel + featuretools,320.40900217877265,47.42631915539347,0.0,0.0,1464.0,0.0,0.617903470993042,0.617903470993042,1.073460177917289
TetuanEnergyConsumption,tsfeatures,2264.8726221396555,1662.9509055397727,0.0,0.0,185.0,0.0,0.0175626277923584,0.0175626277923584,0.06159405123969462
TetuanEnergyConsumption,tsfeatures + signature,1811.899819317249,1290.7712357954545,0.0,0.0,479.0,0.0,0.05340218544006348,0.05340218544006348,0.047506973083137685
TetuanEnergyConsumption,tsfeatures + signature + catch22,1607.4237992215246,1259.9098011363637,0.0,0.0,589.0,0.0,0.06206512451171875,0.06206512451171875,0.047207142716813394
TetuanEnergyConsumption,tsfeatures + signature + catch22 + minirocket,1694.788105129274,1299.5595880681817,0.0,0.0,1513.0,0.0,0.14588642120361328,0.14588642120361328,0.048299051034811954
TetuanEnergyConsumption,tsfeatures + signature + catch22 + minirocket + tsfel,1991.7231436467337,1549.5432528409092,0.0,0.0,2543.0,0.0,0.24468636512756348,0.24468636512756348,0.05874445306284044
TetuanEnergyConsumption,tsfeatures + signature + catch22 + minirocket + tsfel + featuretools,1773.6830272850407,1400.8240234375,0.0,0.0,2789.0,0.0,0.27342939376831055,0.27342939376831055,0.05340527452458852
VentilatorPressure,tsfeatures,1.4917066066075713,0.8544812944552507,0.0,0.0,74.0,0.0,1.823214054107666,1.823214054107666,0.08178584986487558
VentilatorPressure,tsfeatures + signature,1.0629323311339727,0.5452931350769785,0.0,0.0,158.0,0.0,4.40584659576416,4.40584659576416,0.05073437735388293
VentilatorPressure,tsfeatures + signature + catch22,1.0445525162922158,0.5345445324358414,0.0,0.0,202.0,0.0,5.551178216934204,5.551178216934204,0.050377729840238215
VentilatorPressure,tsfeatures + signature + catch22 + minirocket,1.015562038029838,0.534882146031856,0.0,0.0,1126.0,0.0,26.446306467056274,26.446306467056274,0.049483468912057224
VentilatorPressure,tsfeatures + signature + catch22 + minirocket + tsfel,1.0135566103569686,0.5275553525297326,0.0,0.0,1474.0,0.0,40.50703716278076,40.50703716278076,0.04897307432454067
VentilatorPressure,tsfeatures + signature + catch22 + minirocket + tsfel + featuretools,1.011048497444989,0.5180057508650009,0.0,0.0,1573.0,0.0,44.87926912307739,44.87926912307739,0.047992863739769534
WaveDataTension,tsfeatures,24.189092985942143,18.87293039241307,0.0,0.0,37.0,0.0,0.022836685180664062,0.022836685180664062,0.0075649650243218465
WaveDataTension,tsfeatures + signature,20.94336622041516,16.711871509820643,0.0,0.0,79.0,0.0,0.047133684158325195,0.047133684158325195,0.0067023445840684835
WaveDataTension,tsfeatures + signature + catch22,21.828137939723643,17.346942310601893,0.0,0.0,101.0,0.0,0.06429290771484375,0.06429290771484375,0.006952914662262118
WaveDataTension,tsfeatures + signature + catch22 + minirocket,21.91177264269515,17.178658069019587,0.0,0.0,1025.0,0.0,0.5332138538360596,0.5332138538360596,0.00688841925144605
WaveDataTension,tsfeatures + signature + catch22 + minirocket + tsfel,21.53615724342697,17.423902484732615,0.0,0.0,1187.0,0.0,0.7271981239318848,0.7271981239318848,0.006984942722673253
WaveDataTension,tsfeatures + signature + catch22 + minirocket + tsfel + featuretools,20.93931157013675,16.927484216824382,0.0,0.0,1237.0,0.0,0.8030073642730713,0.8030073642730713,0.006785065068558595
WindTurbinePower,tsfeatures,1001.3637102755764,719.4282887964509,0.0,0.0,37.0,0.0,0.011100530624389648,0.011100530624389648,11.249531975682833
WindTurbinePower,tsfeatures + signature,289.9766024537119,182.45682702353224,0.0,0.0,79.0,0.0,0.018803119659423828,0.018803119659423828,5.254292236790511
WindTurbinePower,tsfeatures + signature + catch22,268.9275742706418,173.92177418945357,0.0,0.0,101.0,0.0,0.024549484252929688,0.024549484252929688,2.9852394102022006
WindTurbinePower,tsfeatures + signature + catch22 + minirocket,339.1158914641265,223.0980790000176,0.0,0.0,1025.0,0.0,0.2486588954925537,0.2486588954925537,3.7068119694369535
WindTurbinePower,tsfeatures + signature + catch22 + minirocket + tsfel,117.08518931988309,76.27206946781371,0.0,0.0,1231.0,0.0,0.28013062477111816,0.28013062477111816,0.26922170720157246
WindTurbinePower,tsfeatures + signature + catch22 + minirocket + tsfel + featuretools,113.09037917041873,76.59096531732939,0.0,0.0,1281.0,0.0,0.2973155975341797,0.2973155975341797,0.27456179054740465
ZincConcentration,tsfeatures,2.3166438293419516,1.1878837735656678,0.0,0.0,37.0,0.0,0.010161638259887695,0.010161638259887695,0.9955093955778405
ZincConcentration,tsfeatures + signature,2.4901524178201706,1.296337193141433,0.0,0.0,79.0,0.0,0.02036905288696289,0.02036905288696289,1.2386218539802634
ZincConcentration,tsfeatures + signature + catch22,2.226712261578348,1.2164267085557219,0.0,0.0,101.0,0.0,0.02357196807861328,0.02357196807861328,1.0703880514282762
ZincConcentration,tsfeatures + signature + catch22 + minirocket,2.3798589966067545,1.1447717312013934,0.0,0.0,1025.0,0.0,0.27117204666137695,0.27117204666137695,1.053477764900967
ZincConcentration,tsfeatures + signature + catch22 + minirocket + tsfel,2.3737129259866863,1.2391712150648626,0.0,0.0,1414.0,0.0,0.4291574954986572,0.4291574954986572,1.1225540595700467
ZincConcentration,tsfeatures + signature + catch22 + minirocket + tsfel + featuretools,2.5229755997875483,1.4176356016965437,0.0,0.0,1464.0,0.0,0.4592452049255371,0.4592452049255371,1.3498107126494476
